Language,Section,Title,PDF_URL,Version,Date,Corrections_URL,Status,Notes
Sanskrit,Vedic Books by Subject,1) Shanti Japam - Sanskrit,https://vedavms.in/docs/Shanti-Japam/Shanti%20Japam%20Sanskrit.pdf,V5.0,"Sep 30, 2025",https://vedavms.in/docs/Shanti-Japam/Shanti%20Japam%20Sanskrit%20Corrections.pdf,Active,
Sanskrit,Vedic Books by Subject,"2) TaittirIyopanishat ,Arunaprasnam,Trinaaciketam-Sanskrit",https://vedavms.in/docs/TU/Taittiriya%20Upanishad%20Sanskrit.pdf,V3.3,"Jul 31, 2022",https://vedavms.in/docs/TU/TU%20Sanskrit%20Corrections.pdf,Active,
Sanskrit,Vedic Books by Subject,2A) Surya namaskara mantrA-Sanskrit,https://vedavms.in/docs/TU/surya%20namaskaram%20Sanskrit.pdf,V0.0,"Nov 30, 2021",https://vedavms.in/docs/TU/surya%20namaskaram%20Sanskrit%20corrections.pdf,Active,
Sanskrit,Vedic Books by Subject,3) Udaka Shanti - Sanskrit,https://vedavms.in/docs/US/Udaka%20Shanti%20Sanskrit.pdf,V4.2,"Jul 31, 2022",https://vedavms.in/docs/US/US%20Sanskrit%20Corrections.pdf,Active,
Sanskrit,Vedic Books by Subject,3A) Udaka Shanti - Sanskrit AnuShangam with Continuous text new,https://vedavms.in/docs/US/Udaka%20Shanti%20Sanskrit%20ASCT.pdf,,"Jul 31, 2022",,Active,
Sanskrit,Vedic Books by Subject,3B) Udaka Shanti - Sanskrit only AnuShangam,https://vedavms.in/docs/US/Udaka%20Shanti%20Sanskrit%20OAS.pdf,,"Jul 31, 2022",,Active,
Sanskrit,Vedic Books by Subject,3C) Udaka Shanti - Sanskrit without AnuShangam,https://vedavms.in/docs/US/Udaka%20Shanti%20Sanskrit%20WOAS.pdf,,"Jul 31, 2022",,Active,
Sanskrit,Vedic Books by Subject,4) Siva Stuti - Sanskrit,https://vedavms.in/docs/Shiva-Stuti/Siva%20Stuti%20Sanskrit.pdf,V4.1,"Aug 31, 2022",https://vedavms.in/docs/Shiva-Stuti/Siva%20Stuti%20Sanskrit%20Corrections.pdf,Active,
Sanskrit,Vedic Books by Subject,"5) acChidram, aSvamedam & kAThakam - Sanskrit",https://vedavms.in/docs/TB/TB%203.7-3.12%20Sanskrit.pdf,,"Nov 30, 2024",https://vedavms.in/docs/TB/TB%203.7-3.12%20Sanskrit%20Corrections.pdf,Active,
Sanskrit,Vedic Books by Subject,6) aBiSravaNam-Sanskrit,https://vedavms.in/docs/abhishravaNa/abhishravaNam%20Sanskrit.pdf,,"Sep 30, 2022",https://vedavms.in/docs/abhishravaNa/abhishravaNam%20Sanskrit%20Corrections.pdf,Active,
Sanskrit,Vedic Books by Subject,7) Chamaka Ghanam - Sanskrit,https://vedavms.in/docs/Ghanam/Chamaka%20Ghanam%20Sanskrit.pdf,V2.0,"Nov 30, 2025",https://vedavms.in/docs/Ghanam/Chamaka%20Ghanam%20Sanskrit%20Corrections.pdf,Active,
Sanskrit,Vedic Books by Subject,8) Chamaka Jatai - Sanskrit,https://vedavms.in/docs/Ghanam/Chamaka%20Jatai%20Sanskrit.pdf,V2.0,"Nov 30, 2025",https://vedavms.in/docs/Ghanam/Chamaka%20Jatai%20Sanskrit%20Corrections.pdf,Active,
Sanskrit,Vedic Books by Subject,9) Rudra Ghanam - Sanskrit,https://vedavms.in/docs/Ghanam/Rudra%20Ghanam%20Sanskrit.pdf,V2.0,"Nov 30, 2025",https://vedavms.in/docs/Ghanam/Rudra%20Ghanam%20Sanskrit%20Corrections.pdf,Active,
Sanskrit,Vedic Books by Subject,10) Rudra Jatai - Sanskrit,https://vedavms.in/docs/Ghanam/Rudra%20Jatai%20Sanskrit.pdf,V2.0,"Nov 30, 2025",https://vedavms.in/docs/Ghanam/Rudra%20Jatai%20Sanskrit%20Corrections.pdf,Active,
Sanskrit,Vedic Books by Subject,11) Ekaagni Kaandam - (with Padam)- Sanskrit,https://vedavms.in/docs/ekAgni/Ekaagni%20Kaandam%20Sanskrit.pdf,V1.0,"Oct 31, 2025",https://vedavms.in/docs/ekAgni/Ekaagni%20Kaandam%20Sanskrit%20Corrections.pdf,Active,
Sanskrit,Vedic Books by Subject,12) Svasti VAchanam - Sanskrit,https://vedavms.in/docs/Veda-SIRAS/Svastivachanam%20Sanskrit.pdf,,"Mar 31, 2020",,Active,
Sanskrit,Vedic Books by Subject,13) Rudra Kramam - Sanskrit Column,https://vedavms.in/docs/Shiva-Stuti/Rudra%20Kramam%20Sanskrit%20Column.pdf,,"Aug 31, 2022",,Active,
Sanskrit,Vedic Books by Subject,14) Chamaka Kramam - Sanskrit Column,https://vedavms.in/docs/Shiva-Stuti/Chamaka%20Kramam%20Sanskrit%20Column.pdf,,"Aug 31, 2022",,Active,
Sanskrit,Vedic Books by Subject,15) KalyaNa ASeervada Mantras - Sanskrit,https://vedavms.in/docs/TB/Kalyana%20Asheervadams-Sanskrit.pdf,,"Sep 30, 2024",,Active,
Sanskrit,TaittirIya SamhitA,TaittirIya samhitA - kANDam 1- Sanskrit,https://vedavms.in/docs/TS/TS%201%20Sanskrit.pdf,V3.1,"Jul 31, 2025",https://vedavms.in/docs/TS/TS%201%20Sanskrit%20Corrections.pdf,Active,
Sanskrit,TaittirIya SamhitA,TaittirIya samhitA - kANDam 2- Sanskrit,https://vedavms.in/docs/TS/TS%202%20Sanskrit.pdf,V2.0,"Jun 30, 2024",https://vedavms.in/docs/TS/TS%202%20Sanskrit%20Corrections.pdf,Active,
Sanskrit,TaittirIya SamhitA,TaittirIya samhitA - kANDam 3- Sanskrit,https://vedavms.in/docs/TS/TS%203%20Sanskrit.pdf,V2.0,"Jun 30, 2024",https://vedavms.in/docs/TS/TS%203%20Sanskrit%20Corrections.pdf,Active,
Sanskrit,TaittirIya SamhitA,TaittirIya samhitA - kANDam 4- Sanskrit,https://vedavms.in/docs/TS/TS%204%20Sanskrit.pdf,V2.0,"Jun 30, 2024",https://vedavms.in/docs/TS/TS%204%20Sanskrit%20Corrections.pdf,Active,
Sanskrit,TaittirIya SamhitA,TaittirIya samhitA - kANDam 5- Sanskrit,https://vedavms.in/docs/TS/TS%205%20Sanskrit.pdf,V2.0,"May 31, 2025",https://vedavms.in/docs/TS/TS%205%20Sanskrit%20Corrections.pdf,Active,
Sanskrit,TaittirIya SamhitA,TaittirIya samhitA - kANDam 6- Sanskrit,https://vedavms.in/docs/TS/TS%206%20Sanskrit.pdf,V2.0,"Apr 30, 2026",https://vedavms.in/docs/TS/TS%206%20Sanskrit%20Corrections.pdf,Active,
Sanskrit,TaittirIya SamhitA,TaittirIya samhitA - kANDam 7- Sanskrit,https://vedavms.in/docs/TS/TS%207%20Sanskrit.pdf,V1.1,"Sep 30, 2021",https://vedavms.in/docs/TS/TS%207%20Sanskrit%20Corrections.pdf,Active,
Sanskrit,TaittirIya SamhitA,TaittirIya samhitA - First and Last Panchati - Sanskrit,https://vedavms.in/docs/TS/TS%20First%20and%20last%20Panchati%20-%20Sanskrit.pdf,V0.0,"Jun 30, 2025",,Active,
Sanskrit,TaittirIya SamhitA,TaittirIya samhitA - Index-Alphabetical- Sanskrit,https://vedavms.in/docs/TS/TS_Index_Alpha_31032024.pdf,,"Mar 31, 2024",,Active,
Sanskrit,TaittirIya SamhitA,TaittirIya samhitA - Index-Panchaatiwise- Sanskrit,https://vedavms.in/docs/TS/TS_Index_Panchaati_31032024.pdf,,"Mar 31, 2024",,Active,
Sanskrit,TaittirIya brAhmaNam,TaittirIya brAhmaNAm ashtakam 1 - prapAtakam 1-4 - Sanskrit,https://vedavms.in/docs/TB/TB%201.1-1.4%20Sanskrit.pdf,V3.0,"Apr 30, 2025",https://vedavms.in/docs/TB/TB%201.1-1.4%20Sanskrit%20Corrections.pdf,Active,
Sanskrit,TaittirIya brAhmaNam,TaittirIya brAhmaNAm ashtakam 1 - prapAtakam 5-8 - Sanskrit,https://vedavms.in/docs/TB/TB%201.5-1.8%20Sanskrit.pdf,V3.0,"Apr 30, 2025",https://vedavms.in/docs/TB/TB%201.5-1.8%20Sanskrit%20Corrections.pdf,Active,
Sanskrit,TaittirIya brAhmaNam,TaittirIya brAhmaNAm ashtakam 2 - prapAtakam 1-4 - Sanskrit,https://vedavms.in/docs/TB/TB%202.1-2.4%20Sanskrit.pdf,V3.0,"Nov 30, 2025",https://vedavms.in/docs/TB/TB%202.1-2.4%20Sanskrit%20Corrections.pdf,Active,
Sanskrit,TaittirIya brAhmaNam,TaittirIya brAhmaNAm ashtakam 2 - prapAtakam 5-8 - Sanskrit,https://vedavms.in/docs/TB/TB%202.5-2.8%20Sanskrit.pdf,V3.0,"Nov 30, 2025",https://vedavms.in/docs/TB/TB%202.5-2.8%20Sanskrit%20Corrections.pdf,Active,
Sanskrit,TaittirIya brAhmaNam,TaittirIya brAhmaNAm ashtakam 3 - prapAtakam 1-6 - Sanskrit,https://vedavms.in/docs/TB/TB%203.1-3.6%20Sanskrit.pdf,V3.0,"Feb 28, 2026",https://vedavms.in/docs/TB/TB%203.1-3.6%20Sanskrit%20Corrections.pdf,Active,
Sanskrit,TaittirIya brAhmaNam,TaittirIya brAhmaNam - Index-Alphabetical- Sanskrit,https://vedavms.in/docs/TB/TB_Index_Alpha_31032024.pdf,,"Mar 31, 2024",,Active,
Sanskrit,TaittirIya brAhmaNam,TaittirIya brAhmaNam - Index-Dasini wise- Sanskrit,https://vedavms.in/docs/TB/TB_Index_Dasini_31032024.pdf,,"Mar 31, 2024",,Active,
Sanskrit,TaittirIya Aranyakam,TaittirIya Aranyakam - prapAtam 1 - 4 -Sanskrit,https://vedavms.in/docs/TA/TA%201-4%20Sanskrit.pdf,V2.0,"Apr 30, 2025",https://vedavms.in/docs/TA/TA%201-4%20Sanskrit%20Corrections.pdf,Active,
Sanskrit,TaittirIya Aranyakam,TaittirIya Aranyakam - prapAtam 5 - 6 -Sanskrit,https://vedavms.in/docs/TA/TA%205-6%20Sanskrit.pdf,V2.0,"Sep 30, 2025",https://vedavms.in/docs/TA/TA%205-6%20Sanskrit%20Corrections.pdf,Active,
Sanskrit,TaittirIya Aranyakam,TaittirIya Aranyakam - prapAtam 7-8 -Sanskrit,https://vedavms.in/docs/TA/TA%207-8%20Sanskrit.pdf,V1.0,"Mar 31, 2020",https://vedavms.in/docs/TA/TA%207-8%20Sanskrit%20Corrections.pdf,Active,
Sanskrit,TaittirIya Aranyakam,TaittirIya Aranyakam - Comparison of different publications,https://vedavms.in/docs/TA/Comparison%20TA-Sanskrit.pdf,,,,Active,
Sanskrit,TaittirIya Aranyakam,TaittirIya Aranyakam - Index-Alphabetical- Sanskrit,https://vedavms.in/docs/TA/TA_Index_Alpha_31032024.pdf,,"Mar 31, 2024",,Active,
Sanskrit,TaittirIya Aranyakam,TaittirIya Aranyakam - Index-Dasini wise- Sanskrit,https://vedavms.in/docs/TA/TA_Index_Dasini_31032024.pdf,,"Mar 31, 2024",,Active,
Sanskrit,TaittirIya SamhitA pada pAtam — Kandam 1,samhitA pada pAtam TS 1.1 Sanskrit,https://vedavms.in/docs/TS1-Padam/TS%201.1%20Sanskrit%20Pada%20Paatam%20with%20Vaakyam.pdf,,"Jul 31, 2025",https://vedavms.in/docs/TS1-Padam/TS%201.1%20Sanskrit%20Pada%20Paatam%20Corrections.pdf,Active,
Sanskrit,TaittirIya SamhitA pada pAtam — Kandam 1,samhitA pada pAtam TS 1.2 Sanskrit,https://vedavms.in/docs/TS1-Padam/TS%201.2%20Sanskrit%20Pada%20Paatam%20with%20Vaakyam.pdf,,"Jul 31, 2025",https://vedavms.in/docs/TS1-Padam/TS%201.2%20Sanskrit%20Pada%20Paatam%20Corrections.pdf,Active,
Sanskrit,TaittirIya SamhitA pada pAtam — Kandam 1,samhitA pada pAtam TS 1.3 Sanskrit,https://vedavms.in/docs/TS1-Padam/TS%201.3%20Sanskrit%20Pada%20Paatam%20with%20Vaakyam.pdf,,"Jul 31, 2025",https://vedavms.in/docs/TS1-Padam/TS%201.3%20Sanskrit%20Pada%20Paatam%20Corrections.pdf,Active,
Sanskrit,TaittirIya SamhitA pada pAtam — Kandam 1,samhitA pada pAtam TS 1.4 Sanskrit,https://vedavms.in/docs/TS1-Padam/TS%201.4%20Sanskrit%20Pada%20Paatam%20with%20Vaakyam.pdf,,"Jul 31, 2025",https://vedavms.in/docs/TS1-Padam/TS%201.4%20Sanskrit%20Pada%20Paatam%20Corrections.pdf,Active,
Sanskrit,TaittirIya SamhitA pada pAtam — Kandam 1,samhitA pada pAtam TS 1.5 Sanskrit,https://vedavms.in/docs/TS1-Padam/TS%201.5%20Sanskrit%20Pada%20Paatam%20with%20Vaakyam.pdf,,"Jul 31, 2025",https://vedavms.in/docs/TS1-Padam/TS%201.5%20Sanskrit%20Pada%20Paatam%20Corrections.pdf,Active,
Sanskrit,TaittirIya SamhitA pada pAtam — Kandam 1,samhitA pada pAtam TS 1.6 Sanskrit,https://vedavms.in/docs/TS1-Padam/TS%201.6%20Sanskrit%20Pada%20Paatam%20with%20Vaakyam.pdf,,"Jul 31, 2025",https://vedavms.in/docs/TS1-Padam/TS%201.6%20Sanskrit%20Pada%20Paatam%20Corrections.pdf,Active,
Sanskrit,TaittirIya SamhitA pada pAtam — Kandam 1,samhitA pada pAtam TS 1.7 Sanskrit,https://vedavms.in/docs/TS1-Padam/TS%201.7%20Sanskrit%20Pada%20Paatam%20with%20Vaakyam.pdf,,"Jul 31, 2025",https://vedavms.in/docs/TS1-Padam/TS%201.7%20Sanskrit%20Pada%20Paatam%20Corrections.pdf,Active,
Sanskrit,TaittirIya SamhitA pada pAtam — Kandam 1,samhitA pada pAtam TS 1.8 Sanskrit,https://vedavms.in/docs/TS1-Padam/TS%201.8%20Sanskrit%20Pada%20Paatam%20with%20Vaakyam.pdf,,"Jul 31, 2025",https://vedavms.in/docs/TS1-Padam/TS%201.8%20Sanskrit%20Pada%20Paatam%20Corrections.pdf,Active,
Sanskrit,TaittirIya SamhitA pada pAtam — Kandam 2,samhitA pada pAtam TS 2.1 Sanskrit,https://vedavms.in/docs/TS2-Padam/TS%202.1%20Sanskrit%20Pada%20Paatam%20with%20Vaakyam.pdf,,"Jun 30, 2024",https://vedavms.in/docs/TS2-Padam/TS%202.1%20Sanskrit%20Pada%20Paatam%20Corrections.pdf,Active,
Sanskrit,TaittirIya SamhitA pada pAtam — Kandam 2,samhitA pada pAtam TS 2.2 Sanskrit,https://vedavms.in/docs/TS2-Padam/TS%202.2%20Sanskrit%20Pada%20Paatam%20with%20Vaakyam.pdf,,"Jun 30, 2024",https://vedavms.in/docs/TS2-Padam/TS%202.2%20Sanskrit%20Pada%20Paatam%20Corrections.pdf,Active,
Sanskrit,TaittirIya SamhitA pada pAtam — Kandam 2,samhitA pada pAtam TS 2.3 Sanskrit,https://vedavms.in/docs/TS2-Padam/TS%202.3%20Sanskrit%20Pada%20Paatam%20with%20Vaakyam.pdf,,"Jun 30, 2024",https://vedavms.in/docs/TS2-Padam/TS%202.3%20Sanskrit%20Pada%20Paatam%20Corrections.pdf,Active,
Sanskrit,TaittirIya SamhitA pada pAtam — Kandam 2,samhitA pada pAtam TS 2.4 Sanskrit,https://vedavms.in/docs/TS2-Padam/TS%202.4%20Sanskrit%20Pada%20Paatam%20with%20Vaakyam.pdf,,"Jun 30, 2024",https://vedavms.in/docs/TS2-Padam/TS%202.4%20Sanskrit%20Pada%20Paatam%20Corrections.pdf,Active,
Sanskrit,TaittirIya SamhitA pada pAtam — Kandam 2,samhitA pada pAtam TS 2.5 Sanskrit,https://vedavms.in/docs/TS2-Padam/TS%202.5%20Sanskrit%20Pada%20Paatam%20with%20Vaakyam.pdf,,"Jun 30, 2024",https://vedavms.in/docs/TS2-Padam/TS%202.5%20Sanskrit%20Pada%20Paatam%20Corrections.pdf,Active,
Sanskrit,TaittirIya SamhitA pada pAtam — Kandam 2,samhitA pada pAtam TS 2.6 Sanskrit,https://vedavms.in/docs/TS2-Padam/TS%202.6%20Sanskrit%20Pada%20Paatam%20with%20Vaakyam.pdf,,"Jun 30, 2024",https://vedavms.in/docs/TS2-Padam/TS%202.6%20Sanskrit%20Pada%20Paatam%20Corrections.pdf,Active,
Sanskrit,TaittirIya SamhitA pada pAtam — Kandam 3,samhitA pada pAtam TS 3.1 Sanskrit,https://vedavms.in/docs/TS3-Padam/TS%203.1%20Sanskrit%20Pada%20Paatam%20with%20Vaakyam.pdf,,"Jun 30, 2024",https://vedavms.in/docs/TS3-Padam/TS%203.1%20Sanskrit%20Pada%20Paatam%20Corrections.pdf,Active,
Sanskrit,TaittirIya SamhitA pada pAtam — Kandam 3,samhitA pada pAtam TS 3.2 Sanskrit,https://vedavms.in/docs/TS3-Padam/TS%203.2%20Sanskrit%20Pada%20Paatam%20with%20Vaakyam.pdf,,"Jun 30, 2024",https://vedavms.in/docs/TS3-Padam/TS%203.2%20Sanskrit%20Pada%20Paatam%20Corrections.pdf,Active,
Sanskrit,TaittirIya SamhitA pada pAtam — Kandam 3,samhitA pada pAtam TS 3.3 Sanskrit,https://vedavms.in/docs/TS3-Padam/TS%203.3%20Sanskrit%20Pada%20Paatam%20with%20Vaakyam.pdf,,"Jun 30, 2024",https://vedavms.in/docs/TS3-Padam/TS%203.3%20Sanskrit%20Pada%20Paatam%20Corrections.pdf,Active,
Sanskrit,TaittirIya SamhitA pada pAtam — Kandam 3,samhitA pada pAtam TS 3.4 Sanskrit,https://vedavms.in/docs/TS3-Padam/TS%203.4%20Sanskrit%20Pada%20Paatam%20with%20Vaakyam.pdf,,"Jun 30, 2024",https://vedavms.in/docs/TS3-Padam/TS%203.4%20Sanskrit%20Pada%20Paatam%20Corrections.pdf,Active,
Sanskrit,TaittirIya SamhitA pada pAtam — Kandam 3,samhitA pada pAtam TS 3.5 Sanskrit,https://vedavms.in/docs/TS3-Padam/TS%203.5%20Sanskrit%20Pada%20Paatam%20with%20Vaakyam.pdf,,"Jun 30, 2024",https://vedavms.in/docs/TS3-Padam/TS%203.5%20Sanskrit%20Pada%20Paatam%20Corrections.pdf,Active,
Sanskrit,TaittirIya SamhitA pada pAtam — Kandam 4,samhitA pada pAtam TS 4.1 Sanskrit,https://vedavms.in/docs/TS4-Padam/TS%204.1%20Sanskrit%20Pada%20Paatam%20with%20Vaakyam.pdf,,"Jun 30, 2024",https://vedavms.in/docs/TS4-Padam/TS%204.1%20Sanskrit%20Pada%20Paatam%20Corrections.pdf,Active,
Sanskrit,TaittirIya SamhitA pada pAtam — Kandam 4,samhitA pada pAtam TS 4.2 Sanskrit,https://vedavms.in/docs/TS4-Padam/TS%204.2%20Sanskrit%20Pada%20Paatam%20with%20Vaakyam.pdf,,"Jun 30, 2024",https://vedavms.in/docs/TS4-Padam/TS%204.2%20Sanskrit%20Pada%20Paatam%20Corrections.pdf,Active,
Sanskrit,TaittirIya SamhitA pada pAtam — Kandam 4,samhitA pada pAtam TS 4.3 Sanskrit,https://vedavms.in/docs/TS4-Padam/TS%204.3%20Sanskrit%20Pada%20Paatam%20with%20Vaakyam.pdf,,"Jun 30, 2024",https://vedavms.in/docs/TS4-Padam/TS%204.3%20Sanskrit%20Pada%20Paatam%20Corrections.pdf,Active,
Sanskrit,TaittirIya SamhitA pada pAtam — Kandam 4,samhitA pada pAtam TS 4.4 Sanskrit,https://vedavms.in/docs/TS4-Padam/TS%204.4%20Sanskrit%20Pada%20Paatam%20with%20Vaakyam.pdf,,"Jun 30, 2024",https://vedavms.in/docs/TS4-Padam/TS%204.4%20Sanskrit%20Pada%20Paatam%20Corrections.pdf,Active,
Sanskrit,TaittirIya SamhitA pada pAtam — Kandam 4,samhitA pada pAtam TS 4.5 Sanskrit,https://vedavms.in/docs/TS4-Padam/TS%204.5%20Sanskrit%20Pada%20Paatam%20with%20Vaakyam.pdf,,"Jun 30, 2024",https://vedavms.in/docs/TS4-Padam/TS%204.5%20Sanskrit%20Pada%20Paatam%20Corrections.pdf,Active,
Sanskrit,TaittirIya SamhitA pada pAtam — Kandam 4,samhitA pada pAtam TS 4.6 Sanskrit,https://vedavms.in/docs/TS4-Padam/TS%204.6%20Sanskrit%20Pada%20Paatam%20with%20Vaakyam.pdf,,"Jun 30, 2024",https://vedavms.in/docs/TS4-Padam/TS%204.6%20Sanskrit%20Pada%20Paatam%20Corrections.pdf,Active,
Sanskrit,TaittirIya SamhitA pada pAtam — Kandam 4,samhitA pada pAtam TS 4.7 Sanskrit,https://vedavms.in/docs/TS4-Padam/TS%204.7%20Sanskrit%20Pada%20Paatam%20with%20Vaakyam.pdf,,"Jun 30, 2024",https://vedavms.in/docs/TS4-Padam/TS%204.7%20Sanskrit%20Pada%20Paatam%20Corrections.pdf,Active,
Sanskrit,TaittirIya SamhitA pada pAtam — Kandam 5,samhitA pada pAtam TS 5.1 Sanskrit,https://vedavms.in/docs/TS5-Padam/TS%205.1%20Sanskrit%20Pada%20Paatam%20with%20Vaakyam.pdf,,"May 31, 2025",https://vedavms.in/docs/TS5-Padam/TS%205.1%20Sanskrit%20Pada%20Paatam%20Corrections.pdf,Active,
Sanskrit,TaittirIya SamhitA pada pAtam — Kandam 5,samhitA pada pAtam TS 5.2 Sanskrit,https://vedavms.in/docs/TS5-Padam/TS%205.2%20Sanskrit%20Pada%20Paatam%20with%20Vaakyam.pdf,,"May 31, 2025",https://vedavms.in/docs/TS5-Padam/TS%205.2%20Sanskrit%20Pada%20Paatam%20Corrections.pdf,Active,
Sanskrit,TaittirIya SamhitA pada pAtam — Kandam 5,samhitA pada pAtam TS 5.3 Sanskrit,https://vedavms.in/docs/TS5-Padam/TS%205.3%20Sanskrit%20Pada%20Paatam%20with%20Vaakyam.pdf,,"May 31, 2025",https://vedavms.in/docs/TS5-Padam/TS%205.3%20Sanskrit%20Pada%20Paatam%20Corrections.pdf,Active,
Sanskrit,TaittirIya SamhitA pada pAtam — Kandam 5,samhitA pada pAtam TS 5.4 Sanskrit,https://vedavms.in/docs/TS5-Padam/TS%205.4%20Sanskrit%20Pada%20Paatam%20with%20Vaakyam.pdf,,"May 31, 2025",https://vedavms.in/docs/TS5-Padam/TS%205.4%20Sanskrit%20Pada%20Paatam%20Corrections.pdf,Active,
Sanskrit,TaittirIya SamhitA pada pAtam — Kandam 5,samhitA pada pAtam TS 5.5 Sanskrit,https://vedavms.in/docs/TS5-Padam/TS%205.5%20Sanskrit%20Pada%20Paatam%20with%20Vaakyam.pdf,,"May 31, 2025",https://vedavms.in/docs/TS5-Padam/TS%205.5%20Sanskrit%20Pada%20Paatam%20Corrections.pdf,Active,
Sanskrit,TaittirIya SamhitA pada pAtam — Kandam 5,samhitA pada pAtam TS 5.6 Sanskrit,https://vedavms.in/docs/TS5-Padam/TS%205.6%20Sanskrit%20Pada%20Paatam%20with%20Vaakyam.pdf,,"May 31, 2025",https://vedavms.in/docs/TS5-Padam/TS%205.6%20Sanskrit%20Pada%20Paatam%20Corrections.pdf,Active,
Sanskrit,TaittirIya SamhitA pada pAtam — Kandam 5,samhitA pada pAtam TS 5.7 Sanskrit,https://vedavms.in/docs/TS5-Padam/TS%205.7%20Sanskrit%20Pada%20Paatam%20with%20Vaakyam.pdf,,"May 31, 2025",https://vedavms.in/docs/TS5-Padam/TS%205.7%20Sanskrit%20Pada%20Paatam%20Corrections.pdf,Active,
Sanskrit,TaittirIya SamhitA pada pAtam — Kandam 6,samhitA pada pAtam TS 6.1 Sanskrit,https://vedavms.in/docs/TS6-Padam/TS%206.1%20Sanskrit%20Pada%20Paatam%20with%20Vaakyam.pdf,,"Apr 30, 2026",https://vedavms.in/docs/TS6-Padam/TS%206.1%20Sanskrit%20Pada%20Paatam%20Corrections.pdf,Active,
Sanskrit,TaittirIya SamhitA pada pAtam — Kandam 6,samhitA pada pAtam TS 6.2 Sanskrit,https://vedavms.in/docs/TS6-Padam/TS%206.2%20Sanskrit%20Pada%20Paatam%20with%20Vaakyam.pdf,,"Apr 30, 2026",https://vedavms.in/docs/TS6-Padam/TS%206.2%20Sanskrit%20Pada%20Paatam%20Corrections.pdf,Active,
Sanskrit,TaittirIya SamhitA pada pAtam — Kandam 6,samhitA pada pAtam TS 6.3 Sanskrit,https://vedavms.in/docs/TS6-Padam/TS%206.3%20Sanskrit%20Pada%20Paatam%20with%20Vaakyam.pdf,,"Apr 30, 2026",https://vedavms.in/docs/TS6-Padam/TS%206.3%20Sanskrit%20Pada%20Paatam%20Corrections.pdf,Active,
Sanskrit,TaittirIya SamhitA pada pAtam — Kandam 6,samhitA pada pAtam TS 6.4 Sanskrit,https://vedavms.in/docs/TS6-Padam/TS%206.4%20Sanskrit%20Pada%20Paatam%20with%20Vaakyam.pdf,,"Apr 30, 2026",https://vedavms.in/docs/TS6-Padam/TS%206.4%20Sanskrit%20Pada%20Paatam%20Corrections.pdf,Active,
Sanskrit,TaittirIya SamhitA pada pAtam — Kandam 6,samhitA pada pAtam TS 6.5 Sanskrit,https://vedavms.in/docs/TS6-Padam/TS%206.5%20Sanskrit%20Pada%20Paatam%20with%20Vaakyam.pdf,,"Apr 30, 2026",https://vedavms.in/docs/TS6-Padam/TS%206.5%20Sanskrit%20Pada%20Paatam%20Corrections.pdf,Active,
Sanskrit,TaittirIya SamhitA pada pAtam — Kandam 6,samhitA pada pAtam TS 6.6 Sanskrit,https://vedavms.in/docs/TS6-Padam/TS%206.6%20Sanskrit%20Pada%20Paatam%20with%20Vaakyam.pdf,,"Apr 30, 2026",https://vedavms.in/docs/TS6-Padam/TS%206.6%20Sanskrit%20Pada%20Paatam%20Corrections.pdf,Active,
Sanskrit,TaittirIya SamhitA pada pAtam — Kandam 7,samhitA pada pAtam TS 7.1 Sanskrit,https://vedavms.in/docs/TS7-Padam/TS%207.1%20Sanskrit%20Pada%20Paatam%20with%20Vaakyam.pdf,,"Sep 30, 2021",https://vedavms.in/docs/TS7-Padam/TS%207.1%20Sanskrit%20Pada%20Paatam%20Corrections.pdf,Active,
Sanskrit,TaittirIya SamhitA pada pAtam — Kandam 7,samhitA pada pAtam TS 7.2 Sanskrit,https://vedavms.in/docs/TS7-Padam/TS%207.2%20Sanskrit%20Pada%20Paatam%20with%20Vaakyam.pdf,,"Sep 30, 2021",https://vedavms.in/docs/TS7-Padam/TS%207.2%20Sanskrit%20Pada%20Paatam%20Corrections.pdf,Active,
Sanskrit,TaittirIya SamhitA pada pAtam — Kandam 7,samhitA pada pAtam TS 7.3 Sanskrit,https://vedavms.in/docs/TS7-Padam/TS%207.3%20Sanskrit%20Pada%20Paatam%20with%20Vaakyam.pdf,,"Sep 30, 2021",https://vedavms.in/docs/TS7-Padam/TS%207.3%20Sanskrit%20Pada%20Paatam%20Corrections.pdf,Active,
Sanskrit,TaittirIya SamhitA pada pAtam — Kandam 7,samhitA pada pAtam TS 7.4 Sanskrit,https://vedavms.in/docs/TS7-Padam/TS%207.4%20Sanskrit%20Pada%20Paatam%20with%20Vaakyam.pdf,,"Sep 30, 2021",https://vedavms.in/docs/TS7-Padam/TS%207.4%20Sanskrit%20Pada%20Paatam%20Corrections.pdf,Active,
Sanskrit,TaittirIya SamhitA pada pAtam — Kandam 7,samhitA pada pAtam TS 7.5 Sanskrit,https://vedavms.in/docs/TS7-Padam/TS%207.5%20Sanskrit%20Pada%20Paatam%20with%20Vaakyam.pdf,,"Sep 30, 2021",https://vedavms.in/docs/TS7-Padam/TS%207.5%20Sanskrit%20Pada%20Paatam%20Corrections.pdf,Active,
Sanskrit,TaittirIya SamhitA krama pAtam — Kandam 1,krama pAtam TS 1.1 Sanskrit,https://vedavms.in/docs/TSK1-Kramam/TS%201.1%20Kramam%20Sanskrit.pdf,,"May 31, 2026",https://vedavms.in/docs/TSK1-Kramam/TS%201.1%20Sanskrit%20Krama%20paatam%20corrections.pdf,Active,
Sanskrit,TaittirIya SamhitA krama pAtam — Kandam 1,krama pAtam TS 1.2 Sanskrit,https://vedavms.in/docs/TSK1-Kramam/TS%201.2%20Kramam%20Sanskrit.pdf,,"May 31, 2026",https://vedavms.in/docs/TSK1-Kramam/TS%201.2%20Sanskrit%20Krama%20paatam%20corrections.pdf,Active,
Sanskrit,TaittirIya SamhitA krama pAtam — Kandam 1,krama pAtam TS 1.3 Sanskrit,https://vedavms.in/docs/TSK1-Kramam/TS%201.3%20Kramam%20Sanskrit.pdf,,"May 31, 2026",https://vedavms.in/docs/TSK1-Kramam/TS%201.3%20Sanskrit%20Krama%20paatam%20corrections.pdf,Active,
Sanskrit,TaittirIya SamhitA krama pAtam — Kandam 1,krama pAtam TS 1.4 Sanskrit,https://vedavms.in/docs/TSK1-Kramam/TS%201.4%20Kramam%20Sanskrit.pdf,,"May 31, 2026",https://vedavms.in/docs/TSK1-Kramam/TS%201.4%20Sanskrit%20Krama%20paatam%20corrections.pdf,Active,
Sanskrit,TaittirIya SamhitA krama pAtam — Kandam 1,krama pAtam TS 1.5 Sanskrit,https://vedavms.in/docs/TSK1-Kramam/TS%201.5%20Kramam%20Sanskrit.pdf,,"May 31, 2026",https://vedavms.in/docs/TSK1-Kramam/TS%201.5%20Sanskrit%20Krama%20paatam%20corrections.pdf,Active,
Sanskrit,TaittirIya SamhitA krama pAtam — Kandam 1,krama pAtam TS 1.6 Sanskrit,https://vedavms.in/docs/TSK1-Kramam/TS%201.6%20Kramam%20Sanskrit.pdf,,"May 31, 2026",https://vedavms.in/docs/TSK1-Kramam/TS%201.6%20Sanskrit%20Krama%20paatam%20corrections.pdf,Active,
Sanskrit,TaittirIya SamhitA krama pAtam — Kandam 1,krama pAtam TS 1.7 Sanskrit,https://vedavms.in/docs/TSK1-Kramam/TS%201.7%20Kramam%20Sanskrit.pdf,,"May 31, 2026",https://vedavms.in/docs/TSK1-Kramam/TS%201.7%20Sanskrit%20Krama%20paatam%20corrections.pdf,Active,
Sanskrit,TaittirIya SamhitA krama pAtam — Kandam 1,krama pAtam TS 1.8 Sanskrit,https://vedavms.in/docs/TSK1-Kramam/TS%201.8%20Kramam%20Sanskrit.pdf,,"May 31, 2026",https://vedavms.in/docs/TSK1-Kramam/TS%201.8%20Sanskrit%20Krama%20paatam%20corrections.pdf,Active,
Sanskrit,TaittirIya SamhitA krama pAtam — Kandam 2,krama pAtam TS 2.1 Sanskrit,https://vedavms.in/docs/TSK2-Kramam/TS%202.1%20Kramam%20Sanskrit.pdf,,"Jul 31, 2026",https://vedavms.in/docs/TSK2-Kramam/TS%202.1%20Sanskrit%20Krama%20paatam%20corrections.pdf,Active,
Sanskrit,TaittirIya SamhitA krama pAtam — Kandam 2,krama pAtam TS 2.2 Sanskrit,https://vedavms.in/docs/TSK2-Kramam/TS%202.2%20Kramam%20Sanskrit.pdf,,"Jul 31, 2026",https://vedavms.in/docs/TSK2-Kramam/TS%202.2%20Sanskrit%20Krama%20paatam%20corrections.pdf,Active,
Sanskrit,TaittirIya SamhitA krama pAtam — Kandam 2,krama pAtam TS 2.3 Sanskrit,https://vedavms.in/docs/TSK2-Kramam/TS%202.3%20Kramam%20Sanskrit.pdf,,"Jul 31, 2026",https://vedavms.in/docs/TSK2-Kramam/TS%202.3%20Sanskrit%20Krama%20paatam%20corrections.pdf,Active,
Sanskrit,TaittirIya SamhitA krama pAtam — Kandam 2,krama pAtam TS 2.4 Sanskrit,https://vedavms.in/docs/TSK2-Kramam/TS%202.4%20Kramam%20Sanskrit.pdf,,"Jul 31, 2026",https://vedavms.in/docs/TSK2-Kramam/TS%202.4%20Sanskrit%20Krama%20paatam%20corrections.pdf,Active,
Sanskrit,TaittirIya SamhitA krama pAtam — Kandam 2,krama pAtam TS 2.5 Sanskrit,https://vedavms.in/docs/TSK2-Kramam/TS%202.5%20Kramam%20Sanskrit.pdf,,"Jul 31, 2026",https://vedavms.in/docs/TSK2-Kramam/TS%202.5%20Sanskrit%20Krama%20paatam%20corrections.pdf,Active,
Sanskrit,TaittirIya SamhitA krama pAtam — Kandam 2,krama pAtam TS 2.6 Sanskrit,https://vedavms.in/docs/TSK2-Kramam/TS%202.6%20Kramam%20Sanskrit.pdf,,"Jul 31, 2026",https://vedavms.in/docs/TSK2-Kramam/TS%202.6%20Sanskrit%20Krama%20paatam%20corrections.pdf,Active,
Sanskrit,TaittirIya SamhitA krama pAtam — Kandam 3,krama pAtam TS 3.1 Sanskrit,https://vedavms.in/docs/TSK3-Kramam/TS%203.1%20Kramam%20Sanskrit.pdf,,"Aug 31, 2026",https://vedavms.in/docs/TSK3-Kramam/TS%203.1%20Sanskrit%20Krama%20paatam%20corrections.pdf,Active,
Sanskrit,TaittirIya SamhitA krama pAtam — Kandam 3,krama pAtam TS 3.2 Sanskrit,https://vedavms.in/docs/TSK3-Kramam/TS%203.2%20Kramam%20Sanskrit.pdf,,"Aug 31, 2026",https://vedavms.in/docs/TSK3-Kramam/TS%203.2%20Sanskrit%20Krama%20paatam%20corrections.pdf,Active,
Sanskrit,TaittirIya SamhitA krama pAtam — Kandam 3,krama pAtam TS 3.3 Sanskrit,https://vedavms.in/docs/TSK3-Kramam/TS%203.3%20Kramam%20Sanskrit.pdf,,"Aug 31, 2026",https://vedavms.in/docs/TSK3-Kramam/TS%203.3%20Sanskrit%20Krama%20paatam%20corrections.pdf,Active,
Sanskrit,TaittirIya SamhitA krama pAtam — Kandam 3,krama pAtam TS 3.4 Sanskrit,https://vedavms.in/docs/TSK3-Kramam/TS%203.4%20Kramam%20Sanskrit.pdf,,"Aug 31, 2026",https://vedavms.in/docs/TSK3-Kramam/TS%203.4%20Sanskrit%20Krama%20paatam%20corrections.pdf,Active,
Sanskrit,TaittirIya SamhitA krama pAtam — Kandam 3,krama pAtam TS 3.5 Sanskrit,https://vedavms.in/docs/TSK3-Kramam/TS%203.5%20Kramam%20Sanskrit.pdf,,"Aug 31, 2026",https://vedavms.in/docs/TSK3-Kramam/TS%203.5%20Sanskrit%20Krama%20paatam%20corrections.pdf,Active,
Sanskrit,TaittirIya SamhitA krama pAtam — Kandam 4,krama pAtam TS 4.1 Sanskrit,https://vedavms.in/docs/TSK4-Kramam/TS%204.1%20Kramam%20Sanskrit.pdf,,"Aug 31, 2022",https://vedavms.in/docs/TSK4-Kramam/TS%204.1%20Sanskrit%20Krama%20paatam%20corrections.pdf,Active,
Sanskrit,TaittirIya SamhitA krama pAtam — Kandam 4,krama pAtam TS 4.2 Sanskrit,https://vedavms.in/docs/TSK4-Kramam/TS%204.2%20Kramam%20Sanskrit.pdf,,"Aug 31, 2022",https://vedavms.in/docs/TSK4-Kramam/TS%204.2%20Sanskrit%20Krama%20paatam%20corrections.pdf,Active,
Sanskrit,TaittirIya SamhitA krama pAtam — Kandam 4,krama pAtam TS 4.3 Sanskrit,https://vedavms.in/docs/TSK4-Kramam/TS%204.3%20Kramam%20Sanskrit.pdf,,"Aug 31, 2022",https://vedavms.in/docs/TSK4-Kramam/TS%204.3%20Sanskrit%20Krama%20paatam%20corrections.pdf,Active,
Sanskrit,TaittirIya SamhitA krama pAtam — Kandam 4,krama pAtam TS 4.4 Sanskrit,https://vedavms.in/docs/TSK4-Kramam/TS%204.4%20Kramam%20Sanskrit.pdf,,"Aug 31, 2022",https://vedavms.in/docs/TSK4-Kramam/TS%204.4%20Sanskrit%20Krama%20paatam%20corrections.pdf,Active,
Sanskrit,TaittirIya SamhitA krama pAtam — Kandam 4,krama pAtam TS 4.5 Sanskrit,https://vedavms.in/docs/TSK4-Kramam/TS%204.5%20Kramam%20Sanskrit.pdf,,"Aug 31, 2022",https://vedavms.in/docs/TSK4-Kramam/TS%204.5%20Sanskrit%20Krama%20paatam%20corrections.pdf,Active,
Sanskrit,TaittirIya SamhitA krama pAtam — Kandam 4,krama pAtam TS 4.6 Sanskrit,https://vedavms.in/docs/TSK4-Kramam/TS%204.6%20Kramam%20Sanskrit.pdf,,"Aug 31, 2022",https://vedavms.in/docs/TSK4-Kramam/TS%204.6%20Sanskrit%20Krama%20paatam%20corrections.pdf,Active,
Sanskrit,TaittirIya SamhitA krama pAtam — Kandam 4,krama pAtam TS 4.7 Sanskrit,https://vedavms.in/docs/TSK4-Kramam/TS%204.7%20Kramam%20Sanskrit.pdf,,"Aug 31, 2022",https://vedavms.in/docs/TSK4-Kramam/TS%204.7%20Sanskrit%20Krama%20paatam%20corrections.pdf,Active,
Sanskrit,TaittirIya SamhitA krama pAtam — Kandam 5,krama pAtam TS 5.1 Sanskrit,https://vedavms.in/docs/TSK5-Kramam/TS%205.1%20Kramam%20Sanskrit.pdf,,"Jul 31, 2026",https://vedavms.in/docs/TSK5-Kramam/TS%205.1%20Sanskrit%20Krama%20paatam%20corrections.pdf,Active,
Sanskrit,TaittirIya SamhitA krama pAtam — Kandam 5,krama pAtam TS 5.2 Sanskrit,https://vedavms.in/docs/TSK5-Kramam/TS%205.2%20Kramam%20Sanskrit.pdf,,"Jul 31, 2026",https://vedavms.in/docs/TSK5-Kramam/TS%205.2%20Sanskrit%20Krama%20paatam%20corrections.pdf,Active,
Sanskrit,TaittirIya SamhitA krama pAtam — Kandam 5,krama pAtam TS 5.3 Sanskrit,https://vedavms.in/docs/TSK5-Kramam/TS%205.3%20Kramam%20Sanskrit.pdf,,"Jul 31, 2026",https://vedavms.in/docs/TSK5-Kramam/TS%205.3%20Sanskrit%20Krama%20paatam%20corrections.pdf,Active,
Sanskrit,TaittirIya SamhitA krama pAtam — Kandam 5,krama pAtam TS 5.4 Sanskrit,https://vedavms.in/docs/TSK5-Kramam/TS%205.4%20Kramam%20Sanskrit.pdf,,"Jul 31, 2026",https://vedavms.in/docs/TSK5-Kramam/TS%205.4%20Sanskrit%20Krama%20paatam%20corrections.pdf,Active,
Sanskrit,TaittirIya SamhitA krama pAtam — Kandam 5,krama pAtam TS 5.5 Sanskrit,https://vedavms.in/docs/TSK5-Kramam/TS%205.5%20Kramam%20Sanskrit.pdf,,"Jul 31, 2026",https://vedavms.in/docs/TSK5-Kramam/TS%205.5%20Sanskrit%20Krama%20paatam%20corrections.pdf,Active,
Sanskrit,TaittirIya SamhitA krama pAtam — Kandam 5,krama pAtam TS 5.6 Sanskrit,https://vedavms.in/docs/TSK5-Kramam/TS%205.6%20Kramam%20Sanskrit.pdf,,"Jul 31, 2026",https://vedavms.in/docs/TSK5-Kramam/TS%205.6%20Sanskrit%20Krama%20paatam%20corrections.pdf,Active,
Sanskrit,TaittirIya SamhitA krama pAtam — Kandam 5,krama pAtam TS 5.7 Sanskrit,https://vedavms.in/docs/TSK5-Kramam/TS%205.7%20Kramam%20Sanskrit.pdf,,"Jul 31, 2026",https://vedavms.in/docs/TSK5-Kramam/TS%205.7%20Sanskrit%20Krama%20paatam%20corrections.pdf,Active,
Sanskrit,TaittirIya SamhitA krama pAtam — Kandam 6,krama pAtam TS 6.1 Sanskrit,https://vedavms.in/docs/TSK6-Kramam/TS%206.1%20Kramam%20Sanskrit.pdf,,"Sep 30, 2022",https://vedavms.in/docs/TSK6-Kramam/TS%206.1%20Sanskrit%20Krama%20paatam%20corrections.pdf,Active,
Sanskrit,TaittirIya SamhitA krama pAtam — Kandam 6,krama pAtam TS 6.2 Sanskrit,https://vedavms.in/docs/TSK6-Kramam/TS%206.2%20Kramam%20Sanskrit.pdf,,"Sep 30, 2022",https://vedavms.in/docs/TSK6-Kramam/TS%206.2%20Sanskrit%20Krama%20paatam%20corrections.pdf,Active,
Sanskrit,TaittirIya SamhitA krama pAtam — Kandam 6,krama pAtam TS 6.3 Sanskrit,https://vedavms.in/docs/TSK6-Kramam/TS%206.3%20Kramam%20Sanskrit.pdf,,"Sep 30, 2022",https://vedavms.in/docs/TSK6-Kramam/TS%206.3%20Sanskrit%20Krama%20paatam%20corrections.pdf,Active,
Sanskrit,TaittirIya SamhitA krama pAtam — Kandam 6,krama pAtam TS 6.4 Sanskrit,https://vedavms.in/docs/TSK6-Kramam/TS%206.4%20Kramam%20Sanskrit.pdf,,"Sep 30, 2022",https://vedavms.in/docs/TSK6-Kramam/TS%206.4%20Sanskrit%20Krama%20paatam%20corrections.pdf,Active,
Sanskrit,TaittirIya SamhitA krama pAtam — Kandam 6,krama pAtam TS 6.5 Sanskrit,https://vedavms.in/docs/TSK6-Kramam/TS%206.5%20Kramam%20Sanskrit.pdf,,"Sep 30, 2022",https://vedavms.in/docs/TSK6-Kramam/TS%206.5%20Sanskrit%20Krama%20paatam%20corrections.pdf,Active,
Sanskrit,TaittirIya SamhitA krama pAtam — Kandam 6,krama pAtam TS 6.6 Sanskrit,https://vedavms.in/docs/TSK6-Kramam/TS%206.6%20Kramam%20Sanskrit.pdf,,"Sep 30, 2022",https://vedavms.in/docs/TSK6-Kramam/TS%206.6%20Sanskrit%20Krama%20paatam%20corrections.pdf,Active,
Sanskrit,TaittirIya SamhitA krama pAtam — Kandam 7,krama pAtam TS 7.1 Sanskrit,https://vedavms.in/docs/TSK7-Kramam/TS%207.1%20Kramam%20Sanskrit.pdf,,"Sep 30, 2022",https://vedavms.in/docs/TSK7-Kramam/TS%207.1%20Sanskrit%20Krama%20paatam%20corrections.pdf,Active,
Sanskrit,TaittirIya SamhitA krama pAtam — Kandam 7,krama pAtam TS 7.2 Sanskrit,https://vedavms.in/docs/TSK7-Kramam/TS%207.2%20Kramam%20Sanskrit.pdf,,"Sep 30, 2022",https://vedavms.in/docs/TSK7-Kramam/TS%207.2%20Sanskrit%20Krama%20paatam%20corrections.pdf,Active,
Sanskrit,TaittirIya SamhitA krama pAtam — Kandam 7,krama pAtam TS 7.3 Sanskrit,https://vedavms.in/docs/TSK7-Kramam/TS%207.3%20Kramam%20Sanskrit.pdf,,"Sep 30, 2022",https://vedavms.in/docs/TSK7-Kramam/TS%207.3%20Sanskrit%20Krama%20paatam%20corrections.pdf,Active,
Sanskrit,TaittirIya SamhitA krama pAtam — Kandam 7,krama pAtam TS 7.4 Sanskrit,https://vedavms.in/docs/TSK7-Kramam/TS%207.4%20Kramam%20Sanskrit.pdf,,"Sep 30, 2022",https://vedavms.in/docs/TSK7-Kramam/TS%207.4%20Sanskrit%20Krama%20paatam%20corrections.pdf,Active,
Sanskrit,TaittirIya SamhitA krama pAtam — Kandam 7,krama pAtam TS 7.5 Sanskrit,https://vedavms.in/docs/TSK7-Kramam/TS%207.5%20Kramam%20Sanskrit.pdf,,"Sep 30, 2022",https://vedavms.in/docs/TSK7-Kramam/TS%207.5%20Sanskrit%20Krama%20paatam%20corrections.pdf,Active,
Tamil,Vedic Books by Subject,1) Shanti Japam - Tamil,https://vedavms.in/docs/Shanti-Japam/Shanti%20Japam%20Tamil.pdf,V5.0,"Sep 30, 2025",https://vedavms.in/docs/Shanti-Japam/Shanti%20Japam%20Tamil%20Corrections.pdf,Active,
Tamil,Vedic Books by Subject,"2) TaittirIyOpanishat,ArunapraSnam,Trinaaciketam - Tamil",https://vedavms.in/docs/TU/Taittiriya%20Upanishad%20Tamil.pdf,V3.3,"Jul 31, 2022",https://vedavms.in/docs/TU/TU%20Tamil%20Corrections.pdf,Active,
Tamil,Vedic Books by Subject,2A) Surya namaskara mantrA - Tamil,https://vedavms.in/docs/TU/Surya%20Namaskaram%20Tamil.pdf,V0.0,"Nov 30, 2021",https://vedavms.in/docs/TU/Surya%20Namaskaram%20Tamil%20corrections.pdf,Active,
Tamil,Vedic Books by Subject,3) Udaka Shanti - Tamil,https://vedavms.in/docs/US/Udaka%20Shanti%20Tamil.pdf,V4.2,"Jul 31, 2022",https://vedavms.in/docs/US/US%20Tamil%20Corrections.pdf,Active,
Tamil,Vedic Books by Subject,3A) Udaka Shanti - Tamil with anuShangam in Continuous Text,https://vedavms.in/docs/US/Udaka%20Shanti%20Tamil%20ASCT.pdf,,"Jul 31, 2022",,Active,
Tamil,Vedic Books by Subject,3B) Udaka Shanti - Tamil with only anuShangam,https://vedavms.in/docs/US/Udaka%20Shanti%20Tamil%20OAS.pdf,,"Jul 31, 2022",,Active,
Tamil,Vedic Books by Subject,3C) Udaka Shanti - Tamil without anuShangam,https://vedavms.in/docs/US/Udaka%20Shanti%20Tamil%20WOAS.pdf,,"Jul 31, 2022",,Active,
Tamil,Vedic Books by Subject,4) Siva stuti - Tamil,https://vedavms.in/docs/Shiva-Stuti/Siva%20Stuti%20Tamil.pdf,V4.1,"Aug 31, 2022",https://vedavms.in/docs/Shiva-Stuti/Siva%20Stuti%20Tamil%20Corrections.pdf,Active,
Tamil,Vedic Books by Subject,"5) acCidram, aSvamedham & kAThakam - Tamil",https://vedavms.in/docs/TB/TB%203.7-3.12%20Tamil.pdf,,"Nov 30, 2024",https://vedavms.in/docs/TB/TB%203.7-3.12%20Tamil%20Corrections.pdf,Active,
Tamil,Vedic Books by Subject,6) aBISravaNam - Tamil,https://vedavms.in/docs/abhishravaNa/abhishravaNam%20Tamil.pdf,,"Sep 30, 2022",https://vedavms.in/docs/abhishravaNa/abhishravaNam%20Tamil%20Corrections.pdf,Active,
Tamil,Vedic Books by Subject,7) Chamaka Ghanam - Tamil,https://vedavms.in/docs/Ghanam/Chamaka%20Ghanam%20Tamil.pdf,V2.0,"Nov 30, 2025",https://vedavms.in/docs/Ghanam/Chamaka%20Ghanam%20Tamil%20Corrections.pdf,Active,
Tamil,Vedic Books by Subject,8) Chamaka Jatai - Tami,https://vedavms.in/docs/Ghanam/Chamaka%20Jatai%20Tamil.pdf,V2.0,"Nov 30, 2025",https://vedavms.in/docs/Ghanam/Chamaka%20Jatai%20Tamil%20Corrections.pdf,Active,
Tamil,Vedic Books by Subject,9) Rudra Ghanam - Tamil,https://vedavms.in/docs/Ghanam/Rudra%20Ghanam%20Tamil.pdf,V2.0,"Nov 30, 2025",https://vedavms.in/docs/Ghanam/Rudra%20Ghanam%20Tamil%20Corrections.pdf,Active,
Tamil,Vedic Books by Subject,10) Rudra Jatai - Tamil,https://vedavms.in/docs/Ghanam/Rudra%20Jatai%20Tamil.pdf,V2.0,"Nov 30, 2025",https://vedavms.in/docs/Ghanam/Rudra%20Jatai%20Tamil%20Corrections.pdf,Active,
Tamil,Vedic Books by Subject,11) EkAgni KAndam -(with Padam) Tamil,https://vedavms.in/docs/ekAgni/Ekaagni%20Kaandam%20Tamil.pdf,,"Oct 31, 2025",https://vedavms.in/docs/ekAgni/Ekaagni%20Kaandam%20Tamil%20Corrections.pdf,Active,
Tamil,Vedic Books by Subject,12) Svasti VAchanam - Tamil,https://vedavms.in/docs/Veda-SIRAS/Svastivachanam%20Tamil.pdf,,,,Active,
Tamil,Vedic Books by Subject,13) Rudra Kramam - Tamil Column,https://vedavms.in/docs/Shiva-Stuti/Rudra%20Kramam%20Tamil%20Column.pdf,,"Aug 31, 2022",,Active,
Tamil,Vedic Books by Subject,14) Chamaka Kramam - Tamil Column,https://vedavms.in/docs/Shiva-Stuti/Chamaka%20Kramam%20Tamil%20Column.pdf,,"Aug 31, 2022",,Active,
Tamil,Vedic Books by Subject,15) KalyaNa ASeervada Mantras - Tamil,https://vedavms.in/docs/TB/Kalyana%20Asheervadams-Tamil.pdf,,"Sep 30, 2024",,Active,
Tamil,TaittirIya SamhitA,TaittirIya samhitA - kAnDAm 1- Tamil,https://vedavms.in/docs/TS/TS%201%20Tamil.pdf,V3.1,"Jul 31, 2025",https://vedavms.in/docs/TS/TS%201%20Tamil%20Corrections.pdf,Active,
Tamil,TaittirIya SamhitA,TaittirIya samhitA -kAnDAm 2- Tamil,https://vedavms.in/docs/TS/TS%202%20Tamil.pdf,V2.0,"Jun 30, 2024",https://vedavms.in/docs/TS/TS%202%20Tamil%20Corrections.pdf,Active,
Tamil,TaittirIya SamhitA,TaittirIya samhitA - kAnDAm 3- Tamil,https://vedavms.in/docs/TS/TS%203%20Tamil.pdf,V2.0,"Jun 30, 2024",https://vedavms.in/docs/TS/TS%203%20Tamil%20Corrections.pdf,Active,
Tamil,TaittirIya SamhitA,TaittirIya samhitA - kAnDAm 4- Tamil Delta Jan2026,https://vedavms.in/docs/TS/TS%204%20Tamil.pdf,V2.0,"Jun 30, 2024",https://vedavms.in/docs/TS/TS%204%20Tamil%20Corrections.pdf,Active,
Tamil,TaittirIya SamhitA,TaittirIya samhitA - kAnDAm 5- Tamil,https://vedavms.in/docs/TS/TS%205%20Tamil.pdf,V2.0,"May 31, 2025",https://vedavms.in/docs/TS/TS%205%20Tamil%20Corrections.pdf,Active,
Tamil,TaittirIya SamhitA,TaittirIya samhitA - kAnDAm 6- Tamil,https://vedavms.in/docs/TS/TS%206%20Tamil.pdf,V2.0,"Apr 30, 2026",https://vedavms.in/docs/TS/TS%206%20Tamil%20Corrections.pdf,Active,
Tamil,TaittirIya SamhitA,TaittirIya samhitA - kAnDAm 7- Tamil,https://vedavms.in/docs/TS/TS%207%20Tamil.pdf,V1.1,"Sep 30, 2021",https://vedavms.in/docs/TS/TS%207%20Tamil%20Corrections.pdf,Active,
Tamil,TaittirIya SamhitA,TaittirIya samhitA - First and Last Panchati - Tamil,https://vedavms.in/docs/TS/TS%20First%20and%20last%20Panchati%20-%20Tamil.pdf,V0.0,"Jun 30, 2025",,Active,
Tamil,TaittirIya SamhitA,TaittirIya BrAhmaNam aShtakam 1 - prapAtakam 1- 4 - Tamil,https://vedavms.in/docs/TB/TB%201.1-1.4%20Tamil.pdf,V3.0,"Apr 30, 2025",https://vedavms.in/docs/TB/TB%201.1-1.4%20Tamil%20corrections.pdf,Active,
Tamil,TaittirIya SamhitA,TaittirIya BrAhmaNam aShtakam 1 - prapAtakam 5- 8 - Tamil,https://vedavms.in/docs/TB/TB%201.5-1.8%20Tamil.pdf,V3.0,"Apr 30, 2025",https://vedavms.in/docs/TB/TB%201.5-1.8%20Tamil%20corrections.pdf,Active,
Tamil,TaittirIya SamhitA,TaittirIya BrAhmaNam aShtakam 2 - prapAtakam 1- 4 - Tamil,https://vedavms.in/docs/TB/TB%202.1-2.4%20Tamil.pdf,V3.0,"Nov 30, 2025",https://vedavms.in/docs/TB/TB%202.1-2.4%20Tamil%20corrections.pdf,Active,
Tamil,TaittirIya SamhitA,TaittirIya BrAhmaNam aShtakam 2 - prapAtakam 5- 8 - Tamil,https://vedavms.in/docs/TB/TB%202.5-2.8%20Tamil.pdf,V3.0,"Nov 30, 2025",https://vedavms.in/docs/TB/TB%202.5-2.8%20Tamil%20corrections.pdf,Active,
Tamil,TaittirIya SamhitA,TaittirIya BrAhmaNam aShtakam 3 - prapAtakam 1- 6 - Tamil,https://vedavms.in/docs/TB/TB%203.1-3.6%20Tamil.pdf,V3.0,"Feb 28, 2026",https://vedavms.in/docs/TB/TB%203.1-3.6%20Tamil%20corrections.pdf,Active,
Tamil,TaittirIya SamhitA,"TB 3.7-3,12 Tamil Corrections",https://vedavms.in/docs/TB/TB%203.7-3.12%20Tamil%20corrections.pdf,,"Aug 31, 2026",,Active,
Tamil,TaittirIya SamhitA,TaittirIya Aranyakam - prapAtakam 1- 4 - Tamil,https://vedavms.in/docs/TA/TA%201-4%20Tamil.pdf,V2.0,"Apr 30, 2025",https://vedavms.in/docs/TA/TA%201-4%20Tamil%20corrections.pdf,Active,
Tamil,TaittirIya SamhitA,TaittirIya Aranyakam - prapAtakam 5- 6 - Tamil,https://vedavms.in/docs/TA/TA%205-6%20Tamil.pdf,V2.0,"Sep 30, 2025",https://vedavms.in/docs/TA/TA%205-6%20Tamil%20corrections.pdf,Active,
Tamil,TaittirIya SamhitA,TaittirIya Aranyakam - prapAtakam 7- 8 - Tamil,https://vedavms.in/docs/TA/TA%207-8%20Tamil.pdf,V1.0,"Mar 31, 2020",https://vedavms.in/docs/TA/TA%207-8%20Tamil%20corrections.pdf,Active,
Tamil,TaittirIya SamhitA,TaittirIya Aranyakam Comparison of Different Publications,https://vedavms.in/docs/TA/Comparison%20TA-Tamil.pdf,,,,Active,
Tamil,TaittirIya SamhitA pada pAtam — Kandam 1,SamhitA pada pAtam TS 1.1 Tamil,https://vedavms.in/docs/TS1-Padam/TS%201.1%20Tamil%20Pada%20Paatam%20with%20Vaakyam.pdf,,"Jul 31, 2025",https://vedavms.in/docs/TS1-Padam/TS%201.1%20Tamil%20Pada%20Paatam%20Corrections.pdf,Active,
Tamil,TaittirIya SamhitA pada pAtam — Kandam 1,SamhitA pada pAtam TS 1.2 Tamil,https://vedavms.in/docs/TS1-Padam/TS%201.2%20Tamil%20Pada%20Paatam%20with%20Vaakyam.pdf,,"Jul 31, 2025",https://vedavms.in/docs/TS1-Padam/TS%201.2%20Tamil%20Pada%20Paatam%20Corrections.pdf,Active,
Tamil,TaittirIya SamhitA pada pAtam — Kandam 1,SamhitA pada pAtam TS 1.3 Tamil,https://vedavms.in/docs/TS1-Padam/TS%201.3%20Tamil%20Pada%20Paatam%20with%20Vaakyam.pdf,,"Jul 31, 2025",https://vedavms.in/docs/TS1-Padam/TS%201.3%20Tamil%20Pada%20Paatam%20Corrections.pdf,Active,
Tamil,TaittirIya SamhitA pada pAtam — Kandam 1,SamhitA pada pAtam TS 1.4 Tamil,https://vedavms.in/docs/TS1-Padam/TS%201.4%20Tamil%20Pada%20Paatam%20with%20Vaakyam.pdf,,"Jul 31, 2025",https://vedavms.in/docs/TS1-Padam/TS%201.4%20Tamil%20Pada%20Paatam%20Corrections.pdf,Active,
Tamil,TaittirIya SamhitA pada pAtam — Kandam 1,SamhitA pada pAtam TS 1.5 Tamil,https://vedavms.in/docs/TS1-Padam/TS%201.5%20Tamil%20Pada%20Paatam%20with%20Vaakyam.pdf,,"Jul 31, 2025",https://vedavms.in/docs/TS1-Padam/TS%201.5%20Tamil%20Pada%20Paatam%20Corrections.pdf,Active,
Tamil,TaittirIya SamhitA pada pAtam — Kandam 1,SamhitA pada pAtam TS 1.6 Tamil,https://vedavms.in/docs/TS1-Padam/TS%201.6%20Tamil%20Pada%20Paatam%20with%20Vaakyam.pdf,,"Jul 31, 2025",https://vedavms.in/docs/TS1-Padam/TS%201.6%20Tamil%20Pada%20Paatam%20Corrections.pdf,Active,
Tamil,TaittirIya SamhitA pada pAtam — Kandam 1,SamhitA pada pAtam TS 1.7 Tamil,https://vedavms.in/docs/TS1-Padam/TS%201.7%20Tamil%20Pada%20Paatam%20with%20Vaakyam.pdf,,"Jul 31, 2025",https://vedavms.in/docs/TS1-Padam/TS%201.7%20Tamil%20Pada%20Paatam%20Corrections.pdf,Active,
Tamil,TaittirIya SamhitA pada pAtam — Kandam 1,SamhitA pada pAtam TS 1.8 Tamil,https://vedavms.in/docs/TS1-Padam/TS%201.8%20Tamil%20Pada%20Paatam%20with%20Vaakyam.pdf,,"Jul 31, 2025",https://vedavms.in/docs/TS1-Padam/TS%201.8%20Tamil%20Pada%20Paatam%20Corrections.pdf,Active,
Tamil,TaittirIya SamhitA pada pAtam — Kandam 2,SamhitA pada pAtam TS 2.1 Tamil,https://vedavms.in/docs/TS2-Padam/TS%202.1%20Tamil%20Pada%20Paatam%20with%20Vaakyam.pdf,,"Jun 30, 2024",https://vedavms.in/docs/TS2-Padam/TS%202.1%20Tamil%20Pada%20Paatam%20Corrections.pdf,Active,
Tamil,TaittirIya SamhitA pada pAtam — Kandam 2,SamhitA pada pAtam TS 2.2 Tamil,https://vedavms.in/docs/TS2-Padam/TS%202.2%20Tamil%20Pada%20Paatam%20with%20Vaakyam.pdf,,"Jun 30, 2024",https://vedavms.in/docs/TS2-Padam/TS%202.2%20Tamil%20Pada%20Paatam%20Corrections.pdf,Active,
Tamil,TaittirIya SamhitA pada pAtam — Kandam 2,SamhitA pada pAtam TS 2.3 Tamil,https://vedavms.in/docs/TS2-Padam/TS%202.3%20Tamil%20Pada%20Paatam%20with%20Vaakyam.pdf,,"Jun 30, 2024",https://vedavms.in/docs/TS2-Padam/TS%202.3%20Tamil%20Pada%20Paatam%20Corrections.pdf,Active,
Tamil,TaittirIya SamhitA pada pAtam — Kandam 2,SamhitA pada pAtam TS 2.4 Tamil,https://vedavms.in/docs/TS2-Padam/TS%202.4%20Tamil%20Pada%20Paatam%20with%20Vaakyam.pdf,,"Jun 30, 2024",https://vedavms.in/docs/TS2-Padam/TS%202.4%20Tamil%20Pada%20Paatam%20Corrections.pdf,Active,
Tamil,TaittirIya SamhitA pada pAtam — Kandam 2,SamhitA pada pAtam TS 2.5 Tamil,https://vedavms.in/docs/TS2-Padam/TS%202.5%20Tamil%20Pada%20Paatam%20with%20Vaakyam.pdf,,"Jun 30, 2024",https://vedavms.in/docs/TS2-Padam/TS%202.5%20Tamil%20Pada%20Paatam%20Corrections.pdf,Active,
Tamil,TaittirIya SamhitA pada pAtam — Kandam 2,SamhitA pada pAtam TS 2.6 Tamil,https://vedavms.in/docs/TS2-Padam/TS%202.6%20Tamil%20Pada%20Paatam%20with%20Vaakyam.pdf,,"Jun 30, 2024",https://vedavms.in/docs/TS2-Padam/TS%202.6%20Tamil%20Pada%20Paatam%20Corrections.pdf,Active,
Tamil,TaittirIya SamhitA pada pAtam — Kandam 3,SamhitA pada pAtam TS 3.1 Tamil,https://vedavms.in/docs/TS3-Padam/TS%203.1%20Tamil%20Pada%20Paatam%20with%20Vaakyam.pdf,,"Jun 30, 2024",https://vedavms.in/docs/TS3-Padam/TS%203.1%20Tamil%20Pada%20Paatam%20Corrections.pdf,Active,
Tamil,TaittirIya SamhitA pada pAtam — Kandam 3,SamhitA pada pAtam TS 3.2 Tamil,https://vedavms.in/docs/TS3-Padam/TS%203.2%20Tamil%20Pada%20Paatam%20with%20Vaakyam.pdf,,"Jun 30, 2024",https://vedavms.in/docs/TS3-Padam/TS%203.2%20Tamil%20Pada%20Paatam%20Corrections.pdf,Active,
Tamil,TaittirIya SamhitA pada pAtam — Kandam 3,SamhitA pada pAtam TS 3.3 Tamil,https://vedavms.in/docs/TS3-Padam/TS%203.3%20Tamil%20Pada%20Paatam%20with%20Vaakyam.pdf,,"Jun 30, 2024",https://vedavms.in/docs/TS3-Padam/TS%203.3%20Tamil%20Pada%20Paatam%20Corrections.pdf,Active,
Tamil,TaittirIya SamhitA pada pAtam — Kandam 3,SamhitA pada pAtam TS 3.4 Tamil,https://vedavms.in/docs/TS3-Padam/TS%203.4%20Tamil%20Pada%20Paatam%20with%20Vaakyam.pdf,,"Jun 30, 2024",https://vedavms.in/docs/TS3-Padam/TS%203.4%20Tamil%20Pada%20Paatam%20Corrections.pdf,Active,
Tamil,TaittirIya SamhitA pada pAtam — Kandam 3,SamhitA pada pAtam TS 3.5 Tamil,https://vedavms.in/docs/TS3-Padam/TS%203.5%20Tamil%20Pada%20Paatam%20with%20Vaakyam.pdf,,"Jun 30, 2024",https://vedavms.in/docs/TS3-Padam/TS%203.5%20Tamil%20Pada%20Paatam%20Corrections.pdf,Active,
Tamil,TaittirIya SamhitA pada pAtam — Kandam 4,SamhitA pada pAtam TS 4.1 Tamil,https://vedavms.in/docs/TS4-Padam/TS%204.1%20Tamil%20Pada%20Paatam%20with%20Vaakyam.pdf,,"Jun 30, 2024",https://vedavms.in/docs/TS4-Padam/TS%204.1%20Tamil%20Pada%20Paatam%20Corrections.pdf,Active,
Tamil,TaittirIya SamhitA pada pAtam — Kandam 4,SamhitA pada pAtam TS 4.2 Tamil,https://vedavms.in/docs/TS4-Padam/TS%204.2%20Tamil%20Pada%20Paatam%20with%20Vaakyam.pdf,,"Jun 30, 2024",https://vedavms.in/docs/TS4-Padam/TS%204.2%20Tamil%20Pada%20Paatam%20Corrections.pdf,Active,
Tamil,TaittirIya SamhitA pada pAtam — Kandam 4,SamhitA pada pAtam TS 4.3 Tamil,https://vedavms.in/docs/TS4-Padam/TS%204.3%20Tamil%20Pada%20Paatam%20with%20Vaakyam.pdf,,"Jun 30, 2024",https://vedavms.in/docs/TS4-Padam/TS%204.3%20Tamil%20Pada%20Paatam%20Corrections.pdf,Active,
Tamil,TaittirIya SamhitA pada pAtam — Kandam 4,SamhitA pada pAtam TS 4.4 Tamil,https://vedavms.in/docs/TS4-Padam/TS%204.4%20Tamil%20Pada%20Paatam%20with%20Vaakyam.pdf,,"Jun 30, 2024",https://vedavms.in/docs/TS4-Padam/TS%204.4%20Tamil%20Pada%20Paatam%20Corrections.pdf,Active,
Tamil,TaittirIya SamhitA pada pAtam — Kandam 4,SamhitA pada pAtam TS 4.5 Tamil,https://vedavms.in/docs/TS4-Padam/TS%204.5%20Tamil%20Pada%20Paatam%20with%20Vaakyam.pdf,,"Jun 30, 2024",https://vedavms.in/docs/TS4-Padam/TS%204.5%20Tamil%20Pada%20Paatam%20Corrections.pdf,Active,
Tamil,TaittirIya SamhitA pada pAtam — Kandam 4,SamhitA pada pAtam TS 4.6 Tamil,https://vedavms.in/docs/TS4-Padam/TS%204.6%20Tamil%20Pada%20Paatam%20with%20Vaakyam.pdf,,"Jun 30, 2024",https://vedavms.in/docs/TS4-Padam/TS%204.6%20Tamil%20Pada%20Paatam%20Corrections.pdf,Active,
Tamil,TaittirIya SamhitA pada pAtam — Kandam 4,SamhitA pada pAtam TS 4.7 Tamil,https://vedavms.in/docs/TS4-Padam/TS%204.7%20Tamil%20Pada%20Paatam%20with%20Vaakyam.pdf,,"Jun 30, 2024",https://vedavms.in/docs/TS4-Padam/TS%204.7%20Tamil%20Pada%20Paatam%20Corrections.pdf,Active,
Tamil,TaittirIya SamhitA pada pAtam — Kandam 5,SamhitA pada pAtam TS 5.1 Tamil,https://vedavms.in/docs/TS5-Padam/TS%205.1%20Tamil%20Pada%20Paatam%20with%20Vaakyam.pdf,,"May 31, 2025",https://vedavms.in/docs/TS5-Padam/TS%205.1%20Tamil%20Pada%20Paatam%20Corrections.pdf,Active,
Tamil,TaittirIya SamhitA pada pAtam — Kandam 5,SamhitA pada pAtam TS 5.2 Tamil,https://vedavms.in/docs/TS5-Padam/TS%205.2%20Tamil%20Pada%20Paatam%20with%20Vaakyam.pdf,,"May 31, 2025",https://vedavms.in/docs/TS5-Padam/TS%205.2%20Tamil%20Pada%20Paatam%20Corrections.pdf,Active,
Tamil,TaittirIya SamhitA pada pAtam — Kandam 5,SamhitA pada pAtam TS 5.3 Tamil,https://vedavms.in/docs/TS5-Padam/TS%205.3%20Tamil%20Pada%20Paatam%20with%20Vaakyam.pdf,,"May 31, 2025",https://vedavms.in/docs/TS5-Padam/TS%205.3%20Tamil%20Pada%20Paatam%20Corrections.pdf,Active,
Tamil,TaittirIya SamhitA pada pAtam — Kandam 5,SamhitA pada pAtam TS 5.4 Tamil,https://vedavms.in/docs/TS5-Padam/TS%205.4%20Tamil%20Pada%20Paatam%20with%20Vaakyam.pdf,,"May 31, 2025",https://vedavms.in/docs/TS5-Padam/TS%205.4%20Tamil%20Pada%20Paatam%20Corrections.pdf,Active,
Tamil,TaittirIya SamhitA pada pAtam — Kandam 5,SamhitA pada pAtam TS 5.5 Tamil,https://vedavms.in/docs/TS5-Padam/TS%205.5%20Tamil%20Pada%20Paatam%20with%20Vaakyam.pdf,,"May 31, 2025",https://vedavms.in/docs/TS5-Padam/TS%205.5%20Tamil%20Pada%20Paatam%20Corrections.pdf,Active,
Tamil,TaittirIya SamhitA pada pAtam — Kandam 5,SamhitA pada pAtam TS 5.6 Tamil,https://vedavms.in/docs/TS5-Padam/TS%205.6%20Tamil%20Pada%20Paatam%20with%20Vaakyam.pdf,,"May 31, 2025",https://vedavms.in/docs/TS5-Padam/TS%205.6%20Tamil%20Pada%20Paatam%20Corrections.pdf,Active,
Tamil,TaittirIya SamhitA pada pAtam — Kandam 5,SamhitA pada pAtam TS 5.7 Tamil,https://vedavms.in/docs/TS5-Padam/TS%205.7%20Tamil%20Pada%20Paatam%20with%20Vaakyam.pdf,,"May 31, 2025",https://vedavms.in/docs/TS5-Padam/TS%205.7%20Tamil%20Pada%20Paatam%20Corrections.pdf,Active,
Tamil,TaittirIya SamhitA pada pAtam — Kandam 6,SamhitA pada pAtam TS 6.1 Tamil,https://vedavms.in/docs/TS6-Padam/TS%206.1%20Tamil%20Pada%20Paatam%20with%20Vaakyam.pdf,,"Apr 30, 2026",https://vedavms.in/docs/TS6-Padam/TS%206.1%20Tamil%20Pada%20Paatam%20Corrections.pdf,Active,
Tamil,TaittirIya SamhitA pada pAtam — Kandam 6,SamhitA pada pAtam TS 6.2 Tamil,https://vedavms.in/docs/TS6-Padam/TS%206.2%20Tamil%20Pada%20Paatam%20with%20Vaakyam.pdf,,"Apr 30, 2026",https://vedavms.in/docs/TS6-Padam/TS%206.2%20Tamil%20Pada%20Paatam%20Corrections.pdf,Active,
Tamil,TaittirIya SamhitA pada pAtam — Kandam 6,SamhitA pada pAtam TS 6.3 Tamil,https://vedavms.in/docs/TS6-Padam/TS%206.3%20Tamil%20Pada%20Paatam%20with%20Vaakyam.pdf,,"Apr 30, 2026",https://vedavms.in/docs/TS6-Padam/TS%206.3%20Tamil%20Pada%20Paatam%20Corrections.pdf,Active,
Tamil,TaittirIya SamhitA pada pAtam — Kandam 6,SamhitA pada pAtam TS 6.4 Tamil,https://vedavms.in/docs/TS6-Padam/TS%206.4%20Tamil%20Pada%20Paatam%20with%20Vaakyam.pdf,,"Apr 30, 2026",https://vedavms.in/docs/TS6-Padam/TS%206.4%20Tamil%20Pada%20Paatam%20Corrections.pdf,Active,
Tamil,TaittirIya SamhitA pada pAtam — Kandam 6,SamhitA pada pAtam TS 6.5 Tamil,https://vedavms.in/docs/TS6-Padam/TS%206.5%20Tamil%20Pada%20Paatam%20with%20Vaakyam.pdf,,"Apr 30, 2026",https://vedavms.in/docs/TS6-Padam/TS%206.5%20Tamil%20Pada%20Paatam%20Corrections.pdf,Active,
Tamil,TaittirIya SamhitA pada pAtam — Kandam 6,SamhitA pada pAtam TS 6.6 Tamil,https://vedavms.in/docs/TS6-Padam/TS%206.6%20Tamil%20Pada%20Paatam%20with%20Vaakyam.pdf,,"Apr 30, 2026",https://vedavms.in/docs/TS6-Padam/TS%206.6%20Tamil%20Pada%20Paatam%20Corrections.pdf,Active,
Tamil,TaittirIya SamhitA pada pAtam — Kandam 7,SamhitA pada pAtam TS 7.1 Tamil ),https://vedavms.in/docs/TS7-Padam/TS%207.1%20Tamil%20Pada%20Paatam%20with%20Vaakyam.pdf,,"Sep 30, 2021",https://vedavms.in/docs/TS7-Padam/TS%207.1%20Tamil%20Pada%20Paatam%20Corrections.pdf,Active,
Tamil,TaittirIya SamhitA pada pAtam — Kandam 7,SamhitA pada pAtam TS 7.2 Tamil,https://vedavms.in/docs/TS7-Padam/TS%207.2%20Tamil%20Pada%20Paatam%20with%20Vaakyam.pdf,,"Sep 30, 2021",https://vedavms.in/docs/TS7-Padam/TS%207.2%20Tamil%20Pada%20Paatam%20Corrections.pdf,Active,
Tamil,TaittirIya SamhitA pada pAtam — Kandam 7,SamhitA pada pAtam TS 7.3 Tamil,https://vedavms.in/docs/TS7-Padam/TS%207.3%20Tamil%20Pada%20Paatam%20with%20Vaakyam.pdf,,"Sep 30, 2021",https://vedavms.in/docs/TS7-Padam/TS%207.3%20Tamil%20Pada%20Paatam%20Corrections.pdf,Active,
Tamil,TaittirIya SamhitA pada pAtam — Kandam 7,SamhitA pada pAtam TS 7.4 Tamil,https://vedavms.in/docs/TS7-Padam/TS%207.4%20Tamil%20Pada%20Paatam%20with%20Vaakyam.pdf,,"Sep 30, 2021",https://vedavms.in/docs/TS7-Padam/TS%207.4%20Tamil%20Pada%20Paatam%20Corrections.pdf,Active,
Tamil,TaittirIya SamhitA pada pAtam — Kandam 7,SamhitA pada pAtam TS 7.5 Tamil,https://vedavms.in/docs/TS7-Padam/TS%207.5%20Tamil%20Pada%20Paatam%20with%20Vaakyam.pdf,,"Sep 30, 2021",https://vedavms.in/docs/TS7-Padam/TS%207.5%20Tamil%20Pada%20Paatam%20Corrections.pdf,Active,
Tamil,TaittirIya SamhitA krama pAtam — Kandam 1,krama pAtam TS 1.1 Tamil,https://vedavms.in/docs/TSK1-Kramam/TS%201.1%20Kramam%20Tamil.pdf,,"May 31, 2026",https://vedavms.in/docs/TSK1-Kramam/TS%201.1%20Tamil%20Krama%20paatam%20Corrections.pdf,Active,
Tamil,TaittirIya SamhitA krama pAtam — Kandam 1,krama pAtam TS 1.2 Tamil,https://vedavms.in/docs/TSK1-Kramam/TS%201.2%20Kramam%20Tamil.pdf,,"May 31, 2026",https://vedavms.in/docs/TSK1-Kramam/TS%201.2%20Tamil%20Krama%20paatam%20Corrections.pdf,Active,
Tamil,TaittirIya SamhitA krama pAtam — Kandam 1,krama pAtam TS 1.3 Tamil,https://vedavms.in/docs/TSK1-Kramam/TS%201.3%20Kramam%20Tamil.pdf,,"May 31, 2026",https://vedavms.in/docs/TSK1-Kramam/TS%201.3%20Tamil%20Krama%20paatam%20Corrections.pdf,Active,
Tamil,TaittirIya SamhitA krama pAtam — Kandam 1,krama pAtam TS 1.4 Tamil,https://vedavms.in/docs/TSK1-Kramam/TS%201.4%20Kramam%20Tamil.pdf,,"May 31, 2026",https://vedavms.in/docs/TSK1-Kramam/TS%201.4%20Tamil%20Krama%20paatam%20Corrections.pdf,Active,
Tamil,TaittirIya SamhitA krama pAtam — Kandam 1,krama pAtam TS 1.5 Tamil,https://vedavms.in/docs/TSK1-Kramam/TS%201.5%20Kramam%20Tamil.pdf,,"May 31, 2026",https://vedavms.in/docs/TSK1-Kramam/TS%201.5%20Tamil%20Krama%20paatam%20Corrections.pdf,Active,
Tamil,TaittirIya SamhitA krama pAtam — Kandam 1,krama pAtam TS 1.6 Tamil,https://vedavms.in/docs/TSK1-Kramam/TS%201.6%20Kramam%20Tamil.pdf,,"May 31, 2026",https://vedavms.in/docs/TSK1-Kramam/TS%201.6%20Tamil%20Krama%20paatam%20Corrections.pdf,Active,
Tamil,TaittirIya SamhitA krama pAtam — Kandam 1,krama pAtam TS 1.7 Tamil,https://vedavms.in/docs/TSK1-Kramam/TS%201.7%20Kramam%20Tamil.pdf,,"May 31, 2026",https://vedavms.in/docs/TSK1-Kramam/TS%201.7%20Tamil%20Krama%20paatam%20Corrections.pdf,Active,
Tamil,TaittirIya SamhitA krama pAtam — Kandam 1,krama pAtam TS 1.8 Tamil,https://vedavms.in/docs/TSK1-Kramam/TS%201.8%20Kramam%20Tamil.pdf,,"May 31, 2026",https://vedavms.in/docs/TSK1-Kramam/TS%201.8%20Tamil%20Krama%20paatam%20Corrections.pdf,Active,
Tamil,TaittirIya SamhitA krama pAtam — Kandam 2,krama pAtam TS 2.1 Tamil,https://vedavms.in/docs/TSK2-Kramam/TS%202.1%20Kramam%20Tamil.pdf,,"Jul 31, 2026",https://vedavms.in/docs/TSK2-Kramam/TS%202.1%20Tamil%20Krama%20paatam%20Corrections.pdf,Active,
Tamil,TaittirIya SamhitA krama pAtam — Kandam 2,krama pAtam TS 2.2 Tamil,https://vedavms.in/docs/TSK2-Kramam/TS%202.2%20Kramam%20Tamil.pdf,,"Jul 31, 2026",https://vedavms.in/docs/TSK2-Kramam/TS%202.2%20Tamil%20Krama%20paatam%20Corrections.pdf,Active,
Tamil,TaittirIya SamhitA krama pAtam — Kandam 2,krama pAtam TS 2.3 Tamil,https://vedavms.in/docs/TSK2-Kramam/TS%202.3%20Kramam%20Tamil.pdf,,"Jul 31, 2026",https://vedavms.in/docs/TSK2-Kramam/TS%202.3%20Tamil%20Krama%20paatam%20Corrections.pdf,Active,
Tamil,TaittirIya SamhitA krama pAtam — Kandam 2,krama pAtam TS 2.4 Tamil,https://vedavms.in/docs/TSK2-Kramam/TS%202.4%20Kramam%20Tamil.pdf,,"Jul 31, 2026",https://vedavms.in/docs/TSK2-Kramam/TS%202.4%20Tamil%20Krama%20paatam%20Corrections.pdf,Active,
Tamil,TaittirIya SamhitA krama pAtam — Kandam 2,krama pAtam TS 2.5 Tamil,https://vedavms.in/docs/TSK2-Kramam/TS%202.5%20Kramam%20Tamil.pdf,,"Jul 31, 2026",https://vedavms.in/docs/TSK2-Kramam/TS%202.5%20Tamil%20Krama%20paatam%20Corrections.pdf,Active,
Tamil,TaittirIya SamhitA krama pAtam — Kandam 2,krama pAtam TS 2.6 Tamil,https://vedavms.in/docs/TSK2-Kramam/TS%202.6%20Kramam%20Tamil.pdf,,"Jul 31, 2026",https://vedavms.in/docs/TSK2-Kramam/TS%202.6%20Tamil%20Krama%20paatam%20Corrections.pdf,Active,
Tamil,TaittirIya SamhitA krama pAtam — Kandam 3,krama pAtam TS 3.1. Tamil,https://vedavms.in/docs/TSK3-Kramam/TS%203.1%20Kramam%20Tamil.pdf,,"Aug 31, 2026",https://vedavms.in/docs/TSK3-Kramam/TS%203.1%20Tamil%20Krama%20paatam%20Corrections.pdf,Active,
Tamil,TaittirIya SamhitA krama pAtam — Kandam 3,krama pAtam TS 3.2. Tamil,https://vedavms.in/docs/TSK3-Kramam/TS%203.2%20Kramam%20Tamil.pdf,,"Aug 31, 2026",https://vedavms.in/docs/TSK3-Kramam/TS%203.2%20Tamil%20Krama%20paatam%20Corrections.pdf,Active,
Tamil,TaittirIya SamhitA krama pAtam — Kandam 3,krama pAtam TS 3.3 Tamil,https://vedavms.in/docs/TSK3-Kramam/TS%203.3%20Kramam%20Tamil.pdf,,"Aug 31, 2026",https://vedavms.in/docs/TSK3-Kramam/TS%203.3%20Tamil%20Krama%20paatam%20Corrections.pdf,Active,
Tamil,TaittirIya SamhitA krama pAtam — Kandam 3,krama pAtam TS 3.4 Tamil,https://vedavms.in/docs/TSK3-Kramam/TS%203.4%20Kramam%20Tamil.pdf,,"Aug 31, 2026",https://vedavms.in/docs/TSK3-Kramam/TS%203.4%20Tamil%20Krama%20paatam%20Corrections.pdf,Active,
Tamil,TaittirIya SamhitA krama pAtam — Kandam 3,krama pAtam TS 3.5 Tamil,https://vedavms.in/docs/TSK3-Kramam/TS%203.5%20Kramam%20Tamil.pdf,,"Aug 31, 2026",https://vedavms.in/docs/TSK3-Kramam/TS%203.5%20Tamil%20Krama%20paatam%20Corrections.pdf,Active,
Tamil,TaittirIya SamhitA krama pAtam — Kandam 4,krama pAtam TS 4.1 Tamil,https://vedavms.in/docs/TSK4-Kramam/TS%204.1%20Kramam%20Tamil.pdf,,"Aug 31, 2022",https://vedavms.in/docs/TSK4-Kramam/TS%204.1%20Tamil%20Krama%20paatam%20Corrections.pdf,Active,
Tamil,TaittirIya SamhitA krama pAtam — Kandam 4,krama pAtam TS 4.2 Tamil,https://vedavms.in/docs/TSK4-Kramam/TS%204.2%20Kramam%20Tamil.pdf,,"Aug 31, 2022",https://vedavms.in/docs/TSK4-Kramam/TS%204.2%20Tamil%20Krama%20paatam%20Corrections.pdf,Active,
Tamil,TaittirIya SamhitA krama pAtam — Kandam 4,krama pAtam TS 4.3 Tamil,https://vedavms.in/docs/TSK4-Kramam/TS%204.3%20Kramam%20Tamil.pdf,,"Aug 31, 2022",https://vedavms.in/docs/TSK4-Kramam/TS%204.3%20Tamil%20Krama%20paatam%20Corrections.pdf,Active,
Tamil,TaittirIya SamhitA krama pAtam — Kandam 4,krama pAtam TS 4.4 Tamil,https://vedavms.in/docs/TSK4-Kramam/TS%204.4%20Kramam%20Tamil.pdf,,"Aug 31, 2022",https://vedavms.in/docs/TSK4-Kramam/TS%204.4%20Tamil%20Krama%20paatam%20Corrections.pdf,Active,
Tamil,TaittirIya SamhitA krama pAtam — Kandam 4,krama pAtam TS 4.5 Tamil,https://vedavms.in/docs/TSK4-Kramam/TS%204.5%20Kramam%20Tamil.pdf,,"Aug 31, 2022",https://vedavms.in/docs/TSK4-Kramam/TS%204.5%20Tamil%20Krama%20paatam%20Corrections.pdf,Active,
Tamil,TaittirIya SamhitA krama pAtam — Kandam 4,krama pAtam TS 4.6 Tamil,https://vedavms.in/docs/TSK4-Kramam/TS%204.6%20Kramam%20Tamil.pdf,,"Aug 31, 2022",https://vedavms.in/docs/TSK4-Kramam/TS%204.6%20Tamil%20Krama%20paatam%20Corrections.pdf,Active,
Tamil,TaittirIya SamhitA krama pAtam — Kandam 4,krama pAtam TS 4.7 Tamil,https://vedavms.in/docs/TSK4-Kramam/TS%204.7%20Kramam%20Tamil.pdf,,"Aug 31, 2022",https://vedavms.in/docs/TSK4-Kramam/TS%204.7%20Tamil%20Krama%20paatam%20Corrections.pdf,Active,
Tamil,TaittirIya SamhitA krama pAtam — Kandam 5,krama pAtam TS 5.1 Tamil,https://vedavms.in/docs/TSK5-Kramam/TS%205.1%20Kramam%20Tamil.pdf,,"Jul 31, 2026",https://vedavms.in/docs/TSK5-Kramam/TS%205.1%20Tamil%20Krama%20paatam%20Corrections.pdf,Active,
Tamil,TaittirIya SamhitA krama pAtam — Kandam 5,krama pAtam TS 5.2 Tamil,https://vedavms.in/docs/TSK5-Kramam/TS%205.2%20Kramam%20Tamil.pdf,,"Jul 31, 2026",https://vedavms.in/docs/TSK5-Kramam/TS%205.2%20Tamil%20Krama%20paatam%20Corrections.pdf,Active,
Tamil,TaittirIya SamhitA krama pAtam — Kandam 5,krama pAtamTS 5.3 Tamil,https://vedavms.in/docs/TSK5-Kramam/TS%205.3%20Kramam%20Tamil.pdf,,"Jul 31, 2026",https://vedavms.in/docs/TSK5-Kramam/TS%205.3%20Tamil%20Krama%20paatam%20Corrections.pdf,Active,
Tamil,TaittirIya SamhitA krama pAtam — Kandam 5,krama pAtam TS 5.4 Tamil,https://vedavms.in/docs/TSK5-Kramam/TS%205.4%20Kramam%20Tamil.pdf,,"Jul 31, 2026",https://vedavms.in/docs/TSK5-Kramam/TS%205.4%20Tamil%20Krama%20paatam%20Corrections.pdf,Active,
Tamil,TaittirIya SamhitA krama pAtam — Kandam 5,krama pAtam TS 5.5 Tamil,https://vedavms.in/docs/TSK5-Kramam/TS%205.5%20Kramam%20Tamil.pdf,,"Jul 31, 2026",https://vedavms.in/docs/TSK5-Kramam/TS%205.5%20Tamil%20Krama%20paatam%20Corrections.pdf,Active,
Tamil,TaittirIya SamhitA krama pAtam — Kandam 5,krama pAtam TS 5.6 Tamil,https://vedavms.in/docs/TSK5-Kramam/TS%205.6%20Kramam%20Tamil.pdf,,"Jul 31, 2026",https://vedavms.in/docs/TSK5-Kramam/TS%205.6%20Tamil%20Krama%20paatam%20Corrections.pdf,Active,
Tamil,TaittirIya SamhitA krama pAtam — Kandam 5,krama pAtam TS 5.7 Tamil,https://vedavms.in/docs/TSK5-Kramam/TS%205.7%20Kramam%20Tamil.pdf,,"Jul 31, 2026",https://vedavms.in/docs/TSK5-Kramam/TS%205.7%20Tamil%20Krama%20paatam%20Corrections.pdf,Active,
Tamil,TaittirIya SamhitA krama pAtam — Kandam 6,krama pAtam TS 6.1 Tamil,https://vedavms.in/docs/TSK6-Kramam/TS%206.1%20Kramam%20Tamil.pdf,,"Sep 30, 2022",https://vedavms.in/docs/TSK6-Kramam/TS%206.1%20Tamil%20Krama%20paatam%20Corrections.pdf,Active,
Tamil,TaittirIya SamhitA krama pAtam — Kandam 6,krama pAtam TS 6.2 Tamil,https://vedavms.in/docs/TSK6-Kramam/TS%206.2%20Kramam%20Tamil.pdf,,"Sep 30, 2022",https://vedavms.in/docs/TSK6-Kramam/TS%206.2%20Tamil%20Krama%20paatam%20Corrections.pdf,Active,
Tamil,TaittirIya SamhitA krama pAtam — Kandam 6,krama pAtam TS 6.3 Tamil,https://vedavms.in/docs/TSK6-Kramam/TS%206.3%20Kramam%20Tamil.pdf,,"Sep 30, 2022",https://vedavms.in/docs/TSK6-Kramam/TS%206.3%20Tamil%20Krama%20paatam%20Corrections.pdf,Active,
Tamil,TaittirIya SamhitA krama pAtam — Kandam 6,krama pAtam TS 6.4 Tamil,https://vedavms.in/docs/TSK6-Kramam/TS%206.4%20Kramam%20Tamil.pdf,,"Sep 30, 2022",https://vedavms.in/docs/TSK6-Kramam/TS%206.4%20Tamil%20Krama%20paatam%20Corrections.pdf,Active,
Tamil,TaittirIya SamhitA krama pAtam — Kandam 6,krama pAtam TS 6.5 Tamil,https://vedavms.in/docs/TSK6-Kramam/TS%206.5%20Kramam%20Tamil.pdf,,"Sep 30, 2022",https://vedavms.in/docs/TSK6-Kramam/TS%206.5%20Tamil%20Krama%20paatam%20Corrections.pdf,Active,
Tamil,TaittirIya SamhitA krama pAtam — Kandam 6,krama pAtam TS 6.6 Tamil,https://vedavms.in/docs/TSK6-Kramam/TS%206.6%20Kramam%20Tamil.pdf,,"Sep 30, 2022",https://vedavms.in/docs/TSK6-Kramam/TS%206.6%20Tamil%20Krama%20paatam%20Corrections.pdf,Active,
Tamil,TaittirIya SamhitA krama pAtam — Kandam 7,krama pAtam TS 7.1 Tamil,https://vedavms.in/docs/TSK7-Kramam/TS%207.1%20Kramam%20Tamil.pdf,,"Sep 30, 2022",https://vedavms.in/docs/TSK7-Kramam/TS%207.1%20Tamil%20Krama%20paatam%20Corrections.pdf,Active,
Tamil,TaittirIya SamhitA krama pAtam — Kandam 7,krama pAtam TS 7.2 Tamil,https://vedavms.in/docs/TSK7-Kramam/TS%207.2%20Kramam%20Tamil.pdf,,"Sep 30, 2022",https://vedavms.in/docs/TSK7-Kramam/TS%207.2%20Tamil%20Krama%20paatam%20Corrections.pdf,Active,
Tamil,TaittirIya SamhitA krama pAtam — Kandam 7,krama pAtam TS 7.3 Tamil,https://vedavms.in/docs/TSK7-Kramam/TS%207.3%20Kramam%20Tamil.pdf,,"Sep 30, 2022",https://vedavms.in/docs/TSK7-Kramam/TS%207.3%20Tamil%20Krama%20paatam%20Corrections.pdf,Active,
Tamil,TaittirIya SamhitA krama pAtam — Kandam 7,krama pAtam TS 7.4 Tamil,https://vedavms.in/docs/TSK7-Kramam/TS%207.4%20Kramam%20Tamil.pdf,,"Sep 30, 2022",https://vedavms.in/docs/TSK7-Kramam/TS%207.4%20Tamil%20Krama%20paatam%20Corrections.pdf,Active,
Tamil,TaittirIya SamhitA krama pAtam — Kandam 7,krama pAtam TS 7.5 Tamil,https://vedavms.in/docs/TSK7-Kramam/TS%207.5%20Kramam%20Tamil.pdf,,"Sep 30, 2022",https://vedavms.in/docs/TSK7-Kramam/TS%207.5%20Tamil%20Krama%20paatam%20Corrections.pdf,Active,
Malayalam,Vedic Books by Subject,1) Shanti Japam - Malayalam,https://vedavms.in/docs/Shanti-Japam/Shanti%20Japam%20Malayalam.pdf,V5.0,"Sep 30, 2025",https://vedavms.in/docs/Shanti-Japam/Shanti%20Japam%20Malayalam%20Corrections.pdf,Active,
Malayalam,Vedic Books by Subject,"2) TaittirIyOpanishat, ArunapraSnam,TrinAciketam-Malayalam",https://vedavms.in/docs/TU/Taittiriya%20Upanishad%20Malayalam.pdf,V3.3,"Jul 31, 2022",https://vedavms.in/docs/TU/TU%20Malayalam%20Corrections.pdf,Active,
Malayalam,Vedic Books by Subject,2A) Surya namaskara MantrA-Malayalam,https://vedavms.in/docs/TU/Surya%20Namaskaram%20Malayalam.pdf,V0.0,"Nov 30, 2021",https://vedavms.in/docs/TU/Surya%20Namaskaram%20Malayalam%20corrections.pdf,Active,
Malayalam,Vedic Books by Subject,3) Udaka Shanti - Malayalam,https://vedavms.in/docs/US/Udaka%20Shanti%20Malayalam.pdf,V4.2,"Jul 31, 2022",https://vedavms.in/docs/US/US%20Malayalam%20Corrections.pdf,Active,
Malayalam,Vedic Books by Subject,3A) Udaka Shanti - Malayalam anuShangam with Continous text,https://vedavms.in/docs/US/Udaka%20Shanti%20Malayalam%20ASCT.pdf,,"Jul 31, 2022",,Active,
Malayalam,Vedic Books by Subject,3B) Udaka Shanti - Malayalam with only anuShangam,https://vedavms.in/docs/US/Udaka%20Shanti%20Malayalam%20OAS.pdf,,"Jul 31, 2022",,Active,
Malayalam,Vedic Books by Subject,3C) Udaka Shanti - Malayalam without anuShangam,https://vedavms.in/docs/US/Udaka%20Shanti%20Malayalam%20WOAS.pdf,,"Jul 31, 2022",,Active,
Malayalam,Vedic Books by Subject,4) Siva stuti - Malayalam,https://vedavms.in/docs/Shiva-Stuti/Siva%20Stuti%20Malayalam.pdf,V4.1,"Aug 31, 2022",https://vedavms.in/docs/Shiva-Stuti/Siva%20Stuti%20Malayalam%20Corrections.pdf,Active,
Malayalam,Vedic Books by Subject,"5) acCidram, aSvamedham and kAThakam - Malayalam",https://vedavms.in/docs/TB/TB%203.7-3.12%20Malayalam.pdf,,"Nov 30, 2024",https://vedavms.in/docs/TB/TB%203.7-3.12%20Malayalam%20Corrections.pdf,Active,
Malayalam,Vedic Books by Subject,6) aBiSravaNam - Malayalam,https://vedavms.in/docs/abhishravaNa/abhishravaNam%20Malayalam.pdf,,"Sep 30, 2022",https://vedavms.in/docs/abhishravaNa/abhishravaNam%20Malayalam%20Corrections.pdf,Active,
Malayalam,Vedic Books by Subject,7) Chamaka Ghanam - Malayalam,https://vedavms.in/docs/Ghanam/Chamaka%20Ghanam%20Malayalam.pdf,V2.0,"Nov 30, 2025",https://vedavms.in/docs/Ghanam/Chamaka%20Ghanam%20Malayalam%20Corrections.pdf,Active,
Malayalam,Vedic Books by Subject,8) Chamaka Jatai - Malayalam,https://vedavms.in/docs/Ghanam/Chamaka%20Jatai%20Malayalam.pdf,V2.0,"Nov 30, 2025",https://vedavms.in/docs/Ghanam/Chamaka%20Jatai%20Malayalam%20Corrections.pdf,Active,
Malayalam,Vedic Books by Subject,9) Rudra Ghanam - Malayalam,https://vedavms.in/docs/Ghanam/Rudra%20Ghanam%20Malayalam.pdf,V2.0,"Nov 30, 2025",https://vedavms.in/docs/Ghanam/Rudra%20Ghanam%20Malayalam%20Corrections.pdf,Active,
Malayalam,Vedic Books by Subject,10) Rudra Jatai - Malayalam,https://vedavms.in/docs/Ghanam/Rudra%20Jatai%20Malayalam.pdf,V2.0,"Nov 30, 2025",https://vedavms.in/docs/Ghanam/Rudra%20Jatai%20Malayalam%20Corrections.pdf,Active,
Malayalam,Vedic Books by Subject,11) ekAgni kANDam-(with Padam) - Malayalam,https://vedavms.in/docs/ekAgni/Ekaagni%20Kaandam%20Malayalam.pdf,V1.0,"Oct 31, 2025",https://vedavms.in/docs/ekAgni/Ekaagni%20Kaandam%20Malayalam%20Corrections.pdf,Active,
Malayalam,Vedic Books by Subject,12) Svasti VAchanam - Malayalam,https://vedavms.in/docs/Veda-SIRAS/Svastivachanam%20Malayalam.pdf,,,,Active,
Malayalam,Vedic Books by Subject,13) Rudra Kramam - Malayalam Column,https://vedavms.in/docs/Shiva-Stuti/Rudra%20Kramam%20Malayalam%20Column.pdf,,"Aug 31, 2022",,Active,
Malayalam,Vedic Books by Subject,14) Chamaka Kramam - Malayalam Column,https://vedavms.in/docs/Shiva-Stuti/Chamaka%20Kramam%20Malayalam%20Column.pdf,,"Aug 31, 2022",,Active,
Malayalam,Vedic Books by Subject,15) KalyaNa ASeervada Mantras - Malayalam Column,https://vedavms.in/docs/TB/Kalyana%20Asheervadams-Malayalam.pdf,,"Sep 30, 2024",,Active,
Malayalam,TaittirIya SamhitA,TaittirIya SamhitA - kANDam 1- Malayalam,https://vedavms.in/docs/TS/TS%201%20Malayalam.pdf,V3.1,"Jul 31, 2025",https://vedavms.in/docs/TS/TS%201%20Malayalam%20Corrections.pdf,Active,
Malayalam,TaittirIya SamhitA,TaittirIya SamhitA - kANDam 2- Malayalam,https://vedavms.in/docs/TS/TS%202%20Malayalam.pdf,V2.0,"Jun 30, 2024",https://vedavms.in/docs/TS/TS%202%20Malayalam%20Corrections.pdf,Active,
Malayalam,TaittirIya SamhitA,TaittirIya SamhitA - kANDam 3- Malayalam,https://vedavms.in/docs/TS/TS%203%20Malayalam.pdf,V2.0,"Jun 30, 2024",https://vedavms.in/docs/TS/TS%203%20Malayalam%20Corrections.pdf,Active,
Malayalam,TaittirIya SamhitA,TaittirIya SamhitA - kANDam 4- Malayalam,https://vedavms.in/docs/TS/TS%204%20Malayalam.pdf,V2.0,"Jun 30, 2024",https://vedavms.in/docs/TS/TS%204%20Malayalam%20Corrections.pdf,Active,
Malayalam,TaittirIya SamhitA,TaittirIya SamhitA -kANDam 5- Malayalam,https://vedavms.in/docs/TS/TS%205%20Malayalam.pdf,V2.0,"May 31, 2025",https://vedavms.in/docs/TS/TS%205%20Malayalam%20Corrections.pdf,Active,
Malayalam,TaittirIya SamhitA,TaittirIya SamhitA - kANDam 6- Malayalam,https://vedavms.in/docs/TS/TS%206%20Malayalam.pdf,V2.0,"Apr 30, 2026",https://vedavms.in/docs/TS/TS%206%20Malayalam%20Corrections.pdf,Active,
Malayalam,TaittirIya SamhitA,TaittirIya SamhitA - kANDam 7- Malayalam,https://vedavms.in/docs/TS/TS%207%20Malayalam.pdf,V1.1,"Sep 30, 2021",https://vedavms.in/docs/TS/TS%207%20Malayalam%20Corrections.pdf,Active,
Malayalam,TaittirIya SamhitA,TaittirIya SamhitA - First and Last Panchati - Malayalam,https://vedavms.in/docs/TS/TS%20First%20and%20last%20Panchati%20-%20Malayalam.pdf,V0.0,"Jun 30, 2025",,Active,
Malayalam,TaittirIya SamhitA,TaittirIya brAhmaNam ashtakam 1 - PRAPAATKAM 1- 4 - Malayalam,https://vedavms.in/docs/TB/TB%201.1-1.4%20Malayalam.pdf,V3.0,"Apr 30, 2025",https://vedavms.in/docs/TB/TB%201.1-1.4%20Malayalam%20corrections.pdf,Active,
Malayalam,TaittirIya SamhitA,TaittirIya brAhmaNam ashtakam 1 - PRAPAATKAM 5- 8 - Malayalam,https://vedavms.in/docs/TB/TB%201.5-1.8%20Malayalam.pdf,V3.0,"Apr 30, 2025",https://vedavms.in/docs/TB/TB%201.5-1.8%20Malayalam%20corrections.pdf,Active,
Malayalam,TaittirIya SamhitA,TaittirIya brAhmaNam ashtakam 2 - PRAPAATKAM 1- 4 - Malayalam,https://vedavms.in/docs/TB/TB%202.1-2.4%20Malayalam.pdf,V3.0,"Nov 30, 2025",https://vedavms.in/docs/TB/TB%202.1-2.4%20Malayalam%20corrections.pdf,Active,
Malayalam,TaittirIya SamhitA,TaittirIya brAhmaNam ashtakam 2 - PRAPAATKAM 5- 8 - Malayalam,https://vedavms.in/docs/TB/TB%202.5-2.8%20Malayalam.pdf,V3.0,"Nov 30, 2025",https://vedavms.in/docs/TB/TB%202.5-2.8%20Malayalam%20corrections.pdf,Active,
Malayalam,TaittirIya SamhitA,TaittirIya brAhmaNam ashtakam 3 - PRAPAATKAM 1- 6 - Malayalam,https://vedavms.in/docs/TB/TB%203.1-3.6%20Malayalam.pdf,V3.0,"Feb 28, 2026",https://vedavms.in/docs/TB/TB%203.1-3.6%20Malayalam%20corrections.pdf,Active,
Malayalam,TaittirIya SamhitA,TB 3.7- 3.12 - Malayalam Corrections,https://vedavms.in/docs/TB/TB%203.7-3.12%20Malayalam%20corrections.pdf,,"Aug 31, 2026",,Active,
Malayalam,TaittirIya Aranyakam,TaittirIya Aranyakam - prapAtakam 1- 4 - Malayalam,https://vedavms.in/docs/TA/TA%201-4%20Malayalam.pdf,V2.0,"Apr 30, 2025",https://vedavms.in/docs/TA/TA%201-4%20Malayalam%20corrections.pdf,Active,
Malayalam,TaittirIya Aranyakam,TaittirIya Aranyakam - prapAtakam 5-6-Malayalam,https://vedavms.in/docs/TA/TA%205-6%20Malayalam.pdf,V2.0,"Sep 30, 2025",https://vedavms.in/docs/TA/TA%205-6%20Malayalam%20corrections.pdf,Active,
Malayalam,TaittirIya Aranyakam,TaittirIya Aranyakam-prapAtakam 7- 8-Malayalam,https://vedavms.in/docs/TA/TA%207-8%20Malayalam.pdf,V1.0,"Mar 31, 2020",https://vedavms.in/docs/TA/TA%207-8%20Malayalam%20corrections.pdf,Active,
Malayalam,TaittirIya Aranyakam,TaittirIya Aranyakam - Comparison of Different Publications,https://vedavms.in/docs/TA/Comparison%20TA-Malayalam.pdf,,,,Active,
Malayalam,TaittirIya SamhitA pada pAtam — Kandam 1,SamhitA pada pAtam TS 1.1 Malayalam,https://vedavms.in/docs/TS1-Padam/TS%201.1%20Malayalam%20Pada%20Paatam%20with%20Vaakyam.pdf,,"Jul 31, 2025",https://vedavms.in/docs/TS1-Padam/TS%201.1%20Malayalam%20Pada%20Paatam%20Corrections.pdf,Active,
Malayalam,TaittirIya SamhitA pada pAtam — Kandam 1,SamhitA pada pAtam TS 1.2 Malayalam,https://vedavms.in/docs/TS1-Padam/TS%201.2%20Malayalam%20Pada%20Paatam%20with%20Vaakyam.pdf,,"Jul 31, 2025",https://vedavms.in/docs/TS1-Padam/TS%201.2%20Malayalam%20Pada%20Paatam%20Corrections.pdf,Active,
Malayalam,TaittirIya SamhitA pada pAtam — Kandam 1,SamhitA pada pAtam TS 1.3 Malayalam,https://vedavms.in/docs/TS1-Padam/TS%201.3%20Malayalam%20Pada%20Paatam%20with%20Vaakyam.pdf,,"Jul 31, 2025",https://vedavms.in/docs/TS1-Padam/TS%201.3%20Malayalam%20Pada%20Paatam%20Corrections.pdf,Active,
Malayalam,TaittirIya SamhitA pada pAtam — Kandam 1,SamhitA pada pAtam TS 1.4 Malayalam,https://vedavms.in/docs/TS1-Padam/TS%201.4%20Malayalam%20Pada%20Paatam%20with%20Vaakyam.pdf,,"Jul 31, 2025",https://vedavms.in/docs/TS1-Padam/TS%201.4%20Malayalam%20Pada%20Paatam%20Corrections.pdf,Active,
Malayalam,TaittirIya SamhitA pada pAtam — Kandam 1,SamhitA pada pAtam TS 1.5 Malayalam,https://vedavms.in/docs/TS1-Padam/TS%201.5%20Malayalam%20Pada%20Paatam%20with%20Vaakyam.pdf,,"Jul 31, 2025",https://vedavms.in/docs/TS1-Padam/TS%201.5%20Malayalam%20Pada%20Paatam%20Corrections.pdf,Active,
Malayalam,TaittirIya SamhitA pada pAtam — Kandam 1,SamhitA pada pAtam TS 1.6 Malayalam,https://vedavms.in/docs/TS1-Padam/TS%201.6%20Malayalam%20Pada%20Paatam%20with%20Vaakyam.pdf,,"Jul 31, 2025",https://vedavms.in/docs/TS1-Padam/TS%201.6%20Malayalam%20Pada%20Paatam%20Corrections.pdf,Active,
Malayalam,TaittirIya SamhitA pada pAtam — Kandam 1,SamhitA pada pAtam TS 1.7 Malayalam,https://vedavms.in/docs/TS1-Padam/TS%201.7%20Malayalam%20Pada%20Paatam%20with%20Vaakyam.pdf,,"Jul 31, 2025",https://vedavms.in/docs/TS1-Padam/TS%201.7%20Malayalam%20Pada%20Paatam%20Corrections.pdf,Active,
Malayalam,TaittirIya SamhitA pada pAtam — Kandam 1,SamhitA pada pAtam TS 1.8 Malayalam,https://vedavms.in/docs/TS1-Padam/TS%201.8%20Malayalam%20Pada%20Paatam%20with%20Vaakyam.pdf,,"Jul 31, 2025",https://vedavms.in/docs/TS1-Padam/TS%201.8%20Malayalam%20Pada%20Paatam%20Corrections.pdf,Active,
Malayalam,TaittirIya SamhitA pada pAtam — Kandam 2,SamhitA pada pAtam TS 2.1 Malayalam,https://vedavms.in/docs/TS2-Padam/TS%202.1%20Malayalam%20Pada%20Paatam%20with%20Vaakyam.pdf,,"Jun 30, 2024",https://vedavms.in/docs/TS2-Padam/TS%202.1%20Malayalam%20Pada%20Paatam%20Corrections.pdf,Active,
Malayalam,TaittirIya SamhitA pada pAtam — Kandam 2,SamhitA pada pAtam TS 2.2 Malayalam,https://vedavms.in/docs/TS2-Padam/TS%202.2%20Malayalam%20Pada%20Paatam%20with%20Vaakyam.pdf,,"Jun 30, 2024",https://vedavms.in/docs/TS2-Padam/TS%202.2%20Malayalam%20Pada%20Paatam%20Corrections.pdf,Active,
Malayalam,TaittirIya SamhitA pada pAtam — Kandam 2,SamhitA pada pAtam TS 2.3 Malayalam,https://vedavms.in/docs/TS2-Padam/TS%202.3%20Malayalam%20Pada%20Paatam%20with%20Vaakyam.pdf,,"Jun 30, 2024",https://vedavms.in/docs/TS2-Padam/TS%202.3%20Malayalam%20Pada%20Paatam%20Corrections.pdf,Active,
Malayalam,TaittirIya SamhitA pada pAtam — Kandam 2,SamhitA pada pAtam TS 2.4 Malayalam,https://vedavms.in/docs/TS2-Padam/TS%202.4%20Malayalam%20Pada%20Paatam%20with%20Vaakyam.pdf,,"Jun 30, 2024",https://vedavms.in/docs/TS2-Padam/TS%202.4%20Malayalam%20Pada%20Paatam%20Corrections.pdf,Active,
Malayalam,TaittirIya SamhitA pada pAtam — Kandam 2,SamhitA pada pAtam TS 2.5 Malayalam,https://vedavms.in/docs/TS2-Padam/TS%202.5%20Malayalam%20Pada%20Paatam%20with%20Vaakyam.pdf,,"Jun 30, 2024",https://vedavms.in/docs/TS2-Padam/TS%202.5%20Malayalam%20Pada%20Paatam%20Corrections.pdf,Active,
Malayalam,TaittirIya SamhitA pada pAtam — Kandam 2,SamhitA pada pAtam TS 2.6 Malayalam,https://vedavms.in/docs/TS2-Padam/TS%202.6%20Malayalam%20Pada%20Paatam%20with%20Vaakyam.pdf,,"Jun 30, 2024",https://vedavms.in/docs/TS2-Padam/TS%202.6%20Malayalam%20Pada%20Paatam%20Corrections.pdf,Active,
Malayalam,TaittirIya SamhitA pada pAtam — Kandam 3,SamhitA pada pAtam TS 3.1 Malayalam,https://vedavms.in/docs/TS3-Padam/TS%203.1%20Malayalam%20Pada%20Paatam%20with%20Vaakyam.pdf,,"Jun 30, 2024",https://vedavms.in/docs/TS3-Padam/TS%203.1%20Malayalam%20Pada%20Paatam%20Corrections.pdf,Active,
Malayalam,TaittirIya SamhitA pada pAtam — Kandam 3,SamhitA pada pAtam TS 3.2 Malayalam,https://vedavms.in/docs/TS3-Padam/TS%203.2%20Malayalam%20Pada%20Paatam%20with%20Vaakyam.pdf,,"Jun 30, 2024",https://vedavms.in/docs/TS3-Padam/TS%203.2%20Malayalam%20Pada%20Paatam%20Corrections.pdf,Active,
Malayalam,TaittirIya SamhitA pada pAtam — Kandam 3,SamhitA pada pAtam TS 3.3 Malayalam,https://vedavms.in/docs/TS3-Padam/TS%203.3%20Malayalam%20Pada%20Paatam%20with%20Vaakyam.pdf,,"Jun 30, 2024",https://vedavms.in/docs/TS3-Padam/TS%203.3%20Malayalam%20Pada%20Paatam%20Corrections.pdf,Active,
Malayalam,TaittirIya SamhitA pada pAtam — Kandam 3,SamhitA pada pAtam TS 3.4 Malayalam,https://vedavms.in/docs/TS3-Padam/TS%203.4%20Malayalam%20Pada%20Paatam%20with%20Vaakyam.pdf,,"Jun 30, 2024",https://vedavms.in/docs/TS3-Padam/TS%203.4%20Malayalam%20Pada%20Paatam%20Corrections.pdf,Active,
Malayalam,TaittirIya SamhitA pada pAtam — Kandam 3,SamhitA pada pAtam TS 3.5 Malayalam,https://vedavms.in/docs/TS3-Padam/TS%203.5%20Malayalam%20Pada%20Paatam%20with%20Vaakyam.pdf,,"Jun 30, 2024",https://vedavms.in/docs/TS3-Padam/TS%203.5%20Malayalam%20Pada%20Paatam%20Corrections.pdf,Active,
Malayalam,TaittirIya SamhitA pada pAtam — Kandam 4,SamhitA pada pAtam TS 4.1 Malayalam,https://vedavms.in/docs/TS4-Padam/TS%204.1%20Malayalam%20Pada%20Paatam%20with%20Vaakyam.pdf,,"Jun 30, 2024",https://vedavms.in/docs/TS4-Padam/TS%204.1%20Malayalam%20Pada%20Paatam%20Corrections.pdf,Active,
Malayalam,TaittirIya SamhitA pada pAtam — Kandam 4,SamhitA pada pAtam TS 4.2 Malayalam,https://vedavms.in/docs/TS4-Padam/TS%204.2%20Malayalam%20Pada%20Paatam%20with%20Vaakyam.pdf,,"Jun 30, 2024",https://vedavms.in/docs/TS4-Padam/TS%204.2%20Malayalam%20Pada%20Paatam%20Corrections.pdf,Active,
Malayalam,TaittirIya SamhitA pada pAtam — Kandam 4,SamhitA pada pAtam TS 4.3 Malayalam,https://vedavms.in/docs/TS4-Padam/TS%204.3%20Malayalam%20Pada%20Paatam%20with%20Vaakyam.pdf,,"Jun 30, 2024",https://vedavms.in/docs/TS4-Padam/TS%204.3%20Malayalam%20Pada%20Paatam%20Corrections.pdf,Active,
Malayalam,TaittirIya SamhitA pada pAtam — Kandam 4,SamhitA pada pAtam TS 4.4 Malayalam,https://vedavms.in/docs/TS4-Padam/TS%204.4%20Malayalam%20Pada%20Paatam%20with%20Vaakyam.pdf,,"Jun 30, 2024",https://vedavms.in/docs/TS4-Padam/TS%204.4%20Malayalam%20Pada%20Paatam%20Corrections.pdf,Active,
Malayalam,TaittirIya SamhitA pada pAtam — Kandam 4,SamhitA pada pAtam TS 4.5 Malayalam,https://vedavms.in/docs/TS4-Padam/TS%204.5%20Malayalam%20Pada%20Paatam%20with%20Vaakyam.pdf,,"Jun 30, 2024",https://vedavms.in/docs/TS4-Padam/TS%204.5%20Malayalam%20Pada%20Paatam%20Corrections.pdf,Active,
Malayalam,TaittirIya SamhitA pada pAtam — Kandam 4,SamhitA pada pAtam TS 4.6 Malayalam,https://vedavms.in/docs/TS4-Padam/TS%204.6%20Malayalam%20Pada%20Paatam%20with%20Vaakyam.pdf,,"Jun 30, 2024",https://vedavms.in/docs/TS4-Padam/TS%204.6%20Malayalam%20Pada%20Paatam%20Corrections.pdf,Active,
Malayalam,TaittirIya SamhitA pada pAtam — Kandam 4,SamhitA pada pAtam TS 4.7 Malayalam,https://vedavms.in/docs/TS4-Padam/TS%204.7%20Malayalam%20Pada%20Paatam%20with%20Vaakyam.pdf,,"Jun 30, 2024",https://vedavms.in/docs/TS4-Padam/TS%204.7%20Malayalam%20Pada%20Paatam%20Corrections.pdf,Active,
Malayalam,TaittirIya SamhitA pada pAtam — Kandam 5,SamhitA pada pAtam TS 5.1 Malayalam,https://vedavms.in/docs/TS5-Padam/TS%205.1%20Malayalam%20Pada%20Paatam%20with%20Vaakyam.pdf,,"May 31, 2025",https://vedavms.in/docs/TS5-Padam/TS%205.1%20Malayalam%20Pada%20Paatam%20Corrections.pdf,Active,
Malayalam,TaittirIya SamhitA pada pAtam — Kandam 5,SamhitA pada pAtam TS 5.2 Malayalam,https://vedavms.in/docs/TS5-Padam/TS%205.2%20Malayalam%20Pada%20Paatam%20with%20Vaakyam.pdf,,"May 31, 2025",https://vedavms.in/docs/TS5-Padam/TS%205.2%20Malayalam%20Pada%20Paatam%20Corrections.pdf,Active,
Malayalam,TaittirIya SamhitA pada pAtam — Kandam 5,SamhitA pada pAtam TS 5.3 Malayalam,https://vedavms.in/docs/TS5-Padam/TS%205.3%20Malayalam%20Pada%20Paatam%20with%20Vaakyam.pdf,,"May 31, 2025",https://vedavms.in/docs/TS5-Padam/TS%205.3%20Malayalam%20Pada%20Paatam%20Corrections.pdf,Active,
Malayalam,TaittirIya SamhitA pada pAtam — Kandam 5,SamhitA pada pAtam TS 5.4 Malayalam,https://vedavms.in/docs/TS5-Padam/TS%205.4%20Malayalam%20Pada%20Paatam%20with%20Vaakyam.pdf,,"May 31, 2025",https://vedavms.in/docs/TS5-Padam/TS%205.4%20Malayalam%20Pada%20Paatam%20Corrections.pdf,Active,
Malayalam,TaittirIya SamhitA pada pAtam — Kandam 5,SamhitA pada pAtam TS 5.5 Malayalam,https://vedavms.in/docs/TS5-Padam/TS%205.5%20Malayalam%20Pada%20Paatam%20with%20Vaakyam.pdf,,"May 31, 2025",https://vedavms.in/docs/TS5-Padam/TS%205.5%20Malayalam%20Pada%20Paatam%20Corrections.pdf,Active,
Malayalam,TaittirIya SamhitA pada pAtam — Kandam 5,SamhitA pada pAtam TS 5.6 Malayalam,https://vedavms.in/docs/TS5-Padam/TS%205.6%20Malayalam%20Pada%20Paatam%20with%20Vaakyam.pdf,,"May 31, 2025",https://vedavms.in/docs/TS5-Padam/TS%205.6%20Malayalam%20Pada%20Paatam%20Corrections.pdf,Active,
Malayalam,TaittirIya SamhitA pada pAtam — Kandam 5,SamhitA pada pAtam TS 5.7 Malayalam,https://vedavms.in/docs/TS5-Padam/TS%205.7%20Malayalam%20Pada%20Paatam%20with%20Vaakyam.pdf,,"May 31, 2025",https://vedavms.in/docs/TS5-Padam/TS%205.7%20Malayalam%20Pada%20Paatam%20Corrections.pdf,Active,
Malayalam,TaittirIya SamhitA pada pAtam — Kandam 6,SamhitA pada pAtam TS 6.1 Malayalam,https://vedavms.in/docs/TS6-Padam/TS%206.1%20Malayalam%20Pada%20Paatam%20with%20Vaakyam.pdf,,"Apr 30, 2026",https://vedavms.in/docs/TS6-Padam/TS%206.1%20Malayalam%20Pada%20Paatam%20Corrections.pdf,Active,
Malayalam,TaittirIya SamhitA pada pAtam — Kandam 6,SamhitA pada pAtam TS 6.2 Malayalam,https://vedavms.in/docs/TS6-Padam/TS%206.2%20Malayalam%20Pada%20Paatam%20with%20Vaakyam.pdf,,"Apr 30, 2026",https://vedavms.in/docs/TS6-Padam/TS%206.2%20Malayalam%20Pada%20Paatam%20Corrections.pdf,Active,
Malayalam,TaittirIya SamhitA pada pAtam — Kandam 6,SamhitA pada pAtam TS 6.3 Malayalam,https://vedavms.in/docs/TS6-Padam/TS%206.3%20Malayalam%20Pada%20Paatam%20with%20Vaakyam.pdf,,"Apr 30, 2026",https://vedavms.in/docs/TS6-Padam/TS%206.3%20Malayalam%20Pada%20Paatam%20Corrections.pdf,Active,
Malayalam,TaittirIya SamhitA pada pAtam — Kandam 6,SamhitA pada pAtam TS 6.4 Malayalam,https://vedavms.in/docs/TS6-Padam/TS%206.4%20Malayalam%20Pada%20Paatam%20with%20Vaakyam.pdf,,"Apr 30, 2026",https://vedavms.in/docs/TS6-Padam/TS%206.4%20Malayalam%20Pada%20Paatam%20Corrections.pdf,Active,
Malayalam,TaittirIya SamhitA pada pAtam — Kandam 6,SamhitA pada pAtam TS 6.5 Malayalam,https://vedavms.in/docs/TS6-Padam/TS%206.5%20Malayalam%20Pada%20Paatam%20with%20Vaakyam.pdf,,"Apr 30, 2026",https://vedavms.in/docs/TS6-Padam/TS%206.5%20Malayalam%20Pada%20Paatam%20Corrections.pdf,Active,
Malayalam,TaittirIya SamhitA pada pAtam — Kandam 6,SamhitA pada pAtam TS 6.6 Malayalam,https://vedavms.in/docs/TS6-Padam/TS%206.6%20Malayalam%20Pada%20Paatam%20with%20Vaakyam.pdf,,"Apr 30, 2026",https://vedavms.in/docs/TS6-Padam/TS%206.6%20Malayalam%20Pada%20Paatam%20Corrections.pdf,Active,
Malayalam,TaittirIya SamhitA pada pAtam — Kandam 7,SamhitA pada pAtam TS 7.1 Malayalam,https://vedavms.in/docs/TS7-Padam/TS%207.1%20Malayalam%20Pada%20Paatam%20with%20Vaakyam.pdf,,"Sep 30, 2021",https://vedavms.in/docs/TS7-Padam/TS%207.1%20Malayalam%20Pada%20Paatam%20Corrections.pdf,Active,
Malayalam,TaittirIya SamhitA pada pAtam — Kandam 7,SamhitA pada pAtam TS 7.2 Malayalam,https://vedavms.in/docs/TS7-Padam/TS%207.2%20Malayalam%20Pada%20Paatam%20with%20Vaakyam.pdf,,"Sep 30, 2021",https://vedavms.in/docs/TS7-Padam/TS%207.2%20Malayalam%20Pada%20Paatam%20Corrections.pdf,Active,
Malayalam,TaittirIya SamhitA pada pAtam — Kandam 7,SamhitA pada pAtam TS 7.3 Malayalam,https://vedavms.in/docs/TS7-Padam/TS%207.3%20Malayalam%20Pada%20Paatam%20with%20Vaakyam.pdf,,"Sep 30, 2021",https://vedavms.in/docs/TS7-Padam/TS%207.3%20Malayalam%20Pada%20Paatam%20Corrections.pdf,Active,
Malayalam,TaittirIya SamhitA pada pAtam — Kandam 7,SamhitA pada pAtam TS 7.4 Malayalam,https://vedavms.in/docs/TS7-Padam/TS%207.4%20Malayalam%20Pada%20Paatam%20with%20Vaakyam.pdf,,"Sep 30, 2021",https://vedavms.in/docs/TS7-Padam/TS%207.4%20Malayalam%20Pada%20Paatam%20Corrections.pdf,Active,
Malayalam,TaittirIya SamhitA pada pAtam — Kandam 7,SamhitA pada pAtam TS 7.5 Malayalam,https://vedavms.in/docs/TS7-Padam/TS%207.5%20Malayalam%20Pada%20Paatam%20with%20Vaakyam.pdf,,"Sep 30, 2021",https://vedavms.in/docs/TS7-Padam/TS%207.5%20Malayalam%20Pada%20Paatam%20Corrections.pdf,Active,
Malayalam,TaittirIya SamhitA krama pAtam — Kandam 1,krama PAtam TS 1.1 Malayalam,https://vedavms.in/docs/TSK1-Kramam/TS%201.1%20Kramam%20Malayalam.pdf,,"May 31, 2026",https://vedavms.in/docs/TSK1-Kramam/TS%201.1%20Malayalam%20krama%20Paatam%20Corrections.pdf,Active,
Malayalam,TaittirIya SamhitA krama pAtam — Kandam 1,krama PAtam TS 1.2 Malayalam,https://vedavms.in/docs/TSK1-Kramam/TS%201.2%20Kramam%20Malayalam.pdf,,"May 31, 2026",https://vedavms.in/docs/TSK1-Kramam/TS%201.2%20Malayalam%20krama%20Paatam%20Corrections.pdf,Active,
Malayalam,TaittirIya SamhitA krama pAtam — Kandam 1,krama PAtam TS 1.3 Malayalam,https://vedavms.in/docs/TSK1-Kramam/TS%201.3%20Kramam%20Malayalam.pdf,,"May 31, 2026",https://vedavms.in/docs/TSK1-Kramam/TS%201.3%20Malayalam%20krama%20Paatam%20Corrections.pdf,Active,
Malayalam,TaittirIya SamhitA krama pAtam — Kandam 1,krama PAtam TS 1.4 Malayalam,https://vedavms.in/docs/TSK1-Kramam/TS%201.4%20Kramam%20Malayalam.pdf,,"May 31, 2026",https://vedavms.in/docs/TSK1-Kramam/TS%201.4%20Malayalam%20krama%20Paatam%20Corrections.pdf,Active,
Malayalam,TaittirIya SamhitA krama pAtam — Kandam 1,krama PAtam TS 1.5 Malayalam,https://vedavms.in/docs/TSK1-Kramam/TS%201.5%20Kramam%20Malayalam.pdf,,"May 31, 2026",https://vedavms.in/docs/TSK1-Kramam/TS%201.5%20Malayalam%20krama%20Paatam%20Corrections.pdf,Active,
Malayalam,TaittirIya SamhitA krama pAtam — Kandam 1,krama PAtam TS 1.6 Malayalam,https://vedavms.in/docs/TSK1-Kramam/TS%201.6%20Kramam%20Malayalam.pdf,,"May 31, 2026",https://vedavms.in/docs/TSK1-Kramam/TS%201.6%20Malayalam%20krama%20Paatam%20Corrections.pdf,Active,
Malayalam,TaittirIya SamhitA krama pAtam — Kandam 1,krama PAtam TS 1.7 Malayalam,https://vedavms.in/docs/TSK1-Kramam/TS%201.7%20Kramam%20Malayalam.pdf,,"May 31, 2026",https://vedavms.in/docs/TSK1-Kramam/TS%201.7%20Malayalam%20krama%20Paatam%20Corrections.pdf,Active,
Malayalam,TaittirIya SamhitA krama pAtam — Kandam 1,krama PAtam TS 1.8 Malayalam,https://vedavms.in/docs/TSK1-Kramam/TS%201.8%20Kramam%20Malayalam.pdf,,"May 31, 2026",https://vedavms.in/docs/TSK1-Kramam/TS%201.8%20Malayalam%20krama%20Paatam%20Corrections.pdf,Active,
Malayalam,TaittirIya SamhitA krama pAtam — Kandam 2,krama PAtam TS 2.1 Malayalam,https://vedavms.in/docs/TSK2-Kramam/TS%202.1%20Kramam%20Malayalam.pdf,,"Jul 31, 2026",https://vedavms.in/docs/TSK2-Kramam/TS%202.1%20Malayalam%20krama%20Paatam%20Corrections.pdf,Active,
Malayalam,TaittirIya SamhitA krama pAtam — Kandam 2,krama PAtam TS 2.2 Malayalam,https://vedavms.in/docs/TSK2-Kramam/TS%202.2%20Kramam%20Malayalam.pdf,,"Jul 31, 2026",https://vedavms.in/docs/TSK2-Kramam/TS%202.2%20Malayalam%20krama%20Paatam%20Corrections.pdf,Active,
Malayalam,TaittirIya SamhitA krama pAtam — Kandam 2,krama PAtam TS 2.3 Malayalam,https://vedavms.in/docs/TSK2-Kramam/TS%202.3%20Kramam%20Malayalam.pdf,,"Jul 31, 2026",https://vedavms.in/docs/TSK2-Kramam/TS%202.3%20Malayalam%20krama%20Paatam%20Corrections.pdf,Active,
Malayalam,TaittirIya SamhitA krama pAtam — Kandam 2,krama PAtam TS 2.4 Malayalam,https://vedavms.in/docs/TSK2-Kramam/TS%202.4%20Kramam%20Malayalam.pdf,,"Jul 31, 2026",https://vedavms.in/docs/TSK2-Kramam/TS%202.4%20Malayalam%20krama%20Paatam%20Corrections.pdf,Active,
Malayalam,TaittirIya SamhitA krama pAtam — Kandam 2,krama PAtam TS 2.5 Malayalam,https://vedavms.in/docs/TSK2-Kramam/TS%202.5%20Kramam%20Malayalam.pdf,,"Jul 31, 2026",https://vedavms.in/docs/TSK2-Kramam/TS%202.5%20Malayalam%20krama%20Paatam%20Corrections.pdf,Active,
Malayalam,TaittirIya SamhitA krama pAtam — Kandam 2,krama PAtam TS 2.6 Malayalam,https://vedavms.in/docs/TSK2-Kramam/TS%202.6%20Kramam%20Malayalam.pdf,,"Jul 31, 2026",https://vedavms.in/docs/TSK2-Kramam/TS%202.6%20Malayalam%20krama%20Paatam%20Corrections.pdf,Active,
Malayalam,TaittirIya SamhitA krama pAtam — Kandam 3,krama PAtam TS 3.1 Malayalam,https://vedavms.in/docs/TSK3-Kramam/TS%203.1%20Kramam%20Malayalam.pdf,,"Aug 31, 2026",https://vedavms.in/docs/TSK3-Kramam/TS%203.1%20Malayalam%20krama%20Paatam%20Corrections.pdf,Active,
Malayalam,TaittirIya SamhitA krama pAtam — Kandam 3,krama PAtam TS 3.2 Malayalam,https://vedavms.in/docs/TSK3-Kramam/TS%203.2%20Kramam%20Malayalam.pdf,,"Aug 31, 2026",https://vedavms.in/docs/TSK3-Kramam/TS%203.2%20Malayalam%20krama%20Paatam%20Corrections.pdf,Active,
Malayalam,TaittirIya SamhitA krama pAtam — Kandam 3,krama PAtam TS 3.3 Malayalam,https://vedavms.in/docs/TSK3-Kramam/TS%203.3%20Kramam%20Malayalam.pdf,,"Aug 31, 2026",https://vedavms.in/docs/TSK3-Kramam/TS%203.3%20Malayalam%20krama%20Paatam%20Corrections.pdf,Active,
Malayalam,TaittirIya SamhitA krama pAtam — Kandam 3,krama PAtam TS 3.4 Malayalam,https://vedavms.in/docs/TSK3-Kramam/TS%203.4%20Kramam%20Malayalam.pdf,,"Aug 31, 2026",https://vedavms.in/docs/TSK3-Kramam/TS%203.4%20Malayalam%20krama%20Paatam%20Corrections.pdf,Active,
Malayalam,TaittirIya SamhitA krama pAtam — Kandam 3,krama PAtam TS 3.5 Malayalam,https://vedavms.in/docs/TSK3-Kramam/TS%203.5%20Kramam%20Malayalam.pdf,,"Aug 31, 2026",https://vedavms.in/docs/TSK3-Kramam/TS%203.5%20Malayalam%20krama%20Paatam%20Corrections.pdf,Active,
Malayalam,TaittirIya SamhitA krama pAtam — Kandam 4,krama PAtam TS 4.1 Malayalam,https://vedavms.in/docs/TSK4-Kramam/TS%204.1%20Kramam%20Malayalam.pdf,,"Aug 31, 2022",https://vedavms.in/docs/TSK4-Kramam/TS%204.1%20Malayalam%20krama%20Paatam%20Corrections.pdf,Active,
Malayalam,TaittirIya SamhitA krama pAtam — Kandam 4,krama PAtam TS 4.2 Malayalam,https://vedavms.in/docs/TSK4-Kramam/TS%204.2%20Kramam%20Malayalam.pdf,,"Aug 31, 2022",https://vedavms.in/docs/TSK4-Kramam/TS%204.2%20Malayalam%20krama%20Paatam%20Corrections.pdf,Active,
Malayalam,TaittirIya SamhitA krama pAtam — Kandam 4,krama PAtam TS 4.3 Malayalam,https://vedavms.in/docs/TSK4-Kramam/TS%204.3%20Kramam%20Malayalam.pdf,,"Aug 31, 2022",https://vedavms.in/docs/TSK4-Kramam/TS%204.3%20Malayalam%20krama%20Paatam%20Corrections.pdf,Active,
Malayalam,TaittirIya SamhitA krama pAtam — Kandam 4,krama PAtam TS 4.4 Malayalam,https://vedavms.in/docs/TSK4-Kramam/TS%204.4%20Kramam%20Malayalam.pdf,,"Aug 31, 2022",https://vedavms.in/docs/TSK4-Kramam/TS%204.4%20Malayalam%20krama%20Paatam%20Corrections.pdf,Active,
Malayalam,TaittirIya SamhitA krama pAtam — Kandam 4,krama PAtam TS 4.5 Malayalam,https://vedavms.in/docs/TSK4-Kramam/TS%204.5%20Kramam%20Malayalam.pdf,,"Aug 31, 2022",https://vedavms.in/docs/TSK4-Kramam/TS%204.5%20Malayalam%20krama%20Paatam%20Corrections.pdf,Active,
Malayalam,TaittirIya SamhitA krama pAtam — Kandam 4,krama PAtam TS 4.6 Malayalam,https://vedavms.in/docs/TSK4-Kramam/TS%204.6%20Kramam%20Malayalam.pdf,,"Aug 31, 2022",https://vedavms.in/docs/TSK4-Kramam/TS%204.6%20Malayalam%20krama%20Paatam%20Corrections.pdf,Active,
Malayalam,TaittirIya SamhitA krama pAtam — Kandam 4,krama PAtam TS 4.7 Malayalam,https://vedavms.in/docs/TSK4-Kramam/TS%204.7%20Kramam%20Malayalam.pdf,,"Aug 31, 2022",https://vedavms.in/docs/TSK4-Kramam/TS%204.7%20Malayalam%20krama%20Paatam%20Corrections.pdf,Active,
Malayalam,TaittirIya SamhitA krama pAtam — Kandam 5,krama PAtam TS 5.1 Malayalam,https://vedavms.in/docs/TSK5-Kramam/TS%205.1%20Kramam%20Malayalam.pdf,,"Jul 31, 2026",https://vedavms.in/docs/TSK5-Kramam/TS%205.1%20Malayalam%20krama%20Paatam%20Corrections.pdf,Active,
Malayalam,TaittirIya SamhitA krama pAtam — Kandam 5,krama PAtam TS 5.2 Malayalam,https://vedavms.in/docs/TSK5-Kramam/TS%205.2%20Kramam%20Malayalam.pdf,,"Jul 31, 2026",https://vedavms.in/docs/TSK5-Kramam/TS%205.2%20Malayalam%20krama%20Paatam%20Corrections.pdf,Active,
Malayalam,TaittirIya SamhitA krama pAtam — Kandam 5,krama PAtam TS 5.3 Malayalam,https://vedavms.in/docs/TSK5-Kramam/TS%205.3%20Kramam%20Malayalam.pdf,,"Jul 31, 2026",https://vedavms.in/docs/TSK5-Kramam/TS%205.3%20Malayalam%20krama%20Paatam%20Corrections.pdf,Active,
Malayalam,TaittirIya SamhitA krama pAtam — Kandam 5,krama PAtam TS 5.4 Malayalam,https://vedavms.in/docs/TSK5-Kramam/TS%205.4%20Kramam%20Malayalam.pdf,,"Jul 31, 2026",https://vedavms.in/docs/TSK5-Kramam/TS%205.4%20Malayalam%20krama%20Paatam%20Corrections.pdf,Active,
Malayalam,TaittirIya SamhitA krama pAtam — Kandam 5,krama PAtam TS 5.5 Malayalam,https://vedavms.in/docs/TSK5-Kramam/TS%205.5%20Kramam%20Malayalam.pdf,,"Jul 31, 2026",https://vedavms.in/docs/TSK5-Kramam/TS%205.5%20Malayalam%20krama%20Paatam%20Corrections.pdf,Active,
Malayalam,TaittirIya SamhitA krama pAtam — Kandam 5,krama PAtam TS 5.6 Malayalam,https://vedavms.in/docs/TSK5-Kramam/TS%205.6%20Kramam%20Malayalam.pdf,,"Jul 31, 2026",https://vedavms.in/docs/TSK5-Kramam/TS%205.6%20Malayalam%20krama%20Paatam%20Corrections.pdf,Active,
Malayalam,TaittirIya SamhitA krama pAtam — Kandam 5,krama PAtam TS 5.7 Malayalam,https://vedavms.in/docs/TSK5-Kramam/TS%205.7%20Kramam%20Malayalam.pdf,,"Jul 31, 2026",https://vedavms.in/docs/TSK5-Kramam/TS%205.7%20Malayalam%20krama%20Paatam%20Corrections.pdf,Active,
Malayalam,TaittirIya SamhitA krama pAtam — Kandam 6,krama PAtam TS 6.1 Malayalam,https://vedavms.in/docs/TSK6-Kramam/TS%206.1%20Kramam%20Malayalam.pdf,,"Sep 30, 2022",https://vedavms.in/docs/TSK6-Kramam/TS%206.1%20Malayalam%20krama%20Paatam%20Corrections.pdf,Active,
Malayalam,TaittirIya SamhitA krama pAtam — Kandam 6,krama PAtam TS 6.2 Malayalam,https://vedavms.in/docs/TSK6-Kramam/TS%206.2%20Kramam%20Malayalam.pdf,,"Sep 30, 2022",https://vedavms.in/docs/TSK6-Kramam/TS%206.2%20Malayalam%20krama%20Paatam%20Corrections.pdf,Active,
Malayalam,TaittirIya SamhitA krama pAtam — Kandam 6,krama PAtam TS 6.3 Malayalam,https://vedavms.in/docs/TSK6-Kramam/TS%206.3%20Kramam%20Malayalam.pdf,,"Sep 30, 2022",https://vedavms.in/docs/TSK6-Kramam/TS%206.3%20Malayalam%20krama%20Paatam%20Corrections.pdf,Active,
Malayalam,TaittirIya SamhitA krama pAtam — Kandam 6,krama PAtam TS 6.4 Malayalam,https://vedavms.in/docs/TSK6-Kramam/TS%206.4%20Kramam%20Malayalam.pdf,,"Sep 30, 2022",https://vedavms.in/docs/TSK6-Kramam/TS%206.4%20Malayalam%20krama%20Paatam%20Corrections.pdf,Active,
Malayalam,TaittirIya SamhitA krama pAtam — Kandam 6,krama PAtam TS 6.5 Malayalam,https://vedavms.in/docs/TSK6-Kramam/TS%206.5%20Kramam%20Malayalam.pdf,,"Sep 30, 2022",https://vedavms.in/docs/TSK6-Kramam/TS%206.5%20Malayalam%20krama%20Paatam%20Corrections.pdf,Active,
Malayalam,TaittirIya SamhitA krama pAtam — Kandam 6,krama PAtam TS 6.6 Malayalam,https://vedavms.in/docs/TSK6-Kramam/TS%206.6%20Kramam%20Malayalam.pdf,,"Sep 30, 2022",https://vedavms.in/docs/TSK6-Kramam/TS%206.6%20Malayalam%20krama%20Paatam%20Corrections.pdf,Active,
Malayalam,TaittirIya SamhitA krama pAtam — Kandam 7,krama PAtam TS 7.1 Malayalam,https://vedavms.in/docs/TSK7-Kramam/TS%207.1%20Kramam%20Malayalam.pdf,,"Sep 30, 2022",https://vedavms.in/docs/TSK7-Kramam/TS%207.1%20Malayalam%20krama%20Paatam%20Corrections.pdf,Active,
Malayalam,TaittirIya SamhitA krama pAtam — Kandam 7,krama PAtam TS 7.2 Malayalam,https://vedavms.in/docs/TSK7-Kramam/TS%207.2%20Kramam%20Malayalam.pdf,,"Sep 30, 2022",https://vedavms.in/docs/TSK7-Kramam/TS%207.2%20Malayalam%20krama%20Paatam%20Corrections.pdf,Active,
Malayalam,TaittirIya SamhitA krama pAtam — Kandam 7,krama PAtam TS 7.3 Malayalam,https://vedavms.in/docs/TSK7-Kramam/TS%207.3%20Kramam%20Malayalam.pdf,,"Sep 30, 2022",https://vedavms.in/docs/TSK7-Kramam/TS%207.3%20Malayalam%20krama%20Paatam%20Corrections.pdf,Active,
Malayalam,TaittirIya SamhitA krama pAtam — Kandam 7,krama PAtam TS 7.4 Malayalam,https://vedavms.in/docs/TSK7-Kramam/TS%207.4%20Kramam%20Malayalam.pdf,,"Sep 30, 2022",https://vedavms.in/docs/TSK7-Kramam/TS%207.4%20Malayalam%20krama%20Paatam%20Corrections.pdf,Active,
Malayalam,TaittirIya SamhitA krama pAtam — Kandam 7,krama PAtam TS 7.5 Malayalam,https://vedavms.in/docs/TSK7-Kramam/TS%207.5%20Kramam%20Malayalam.pdf,,"Sep 30, 2022",https://vedavms.in/docs/TSK7-Kramam/TS%207.5%20Malayalam%20krama%20Paatam%20Corrections.pdf,Active,
Kannada,Vedic Books by Subject,1) Shanti Japam - Kannada,https://vedavms.in/docs/kannada/Shanti%20Japam%20kannada.pdf,V0.0,"Jan 31, 2019",,Active,
Kannada,Vedic Books by Subject,2) TaittirIya Upanishad - Kannada,https://vedavms.in/docs/kannada/Taittiriya%20Upanishad%20kannada.pdf,V0.0,"Jun 1, 2019",,Active,
Kannada,Vedic Books by Subject,3) Udaka Shanti - Kannada,https://vedavms.in/docs/kannada/Udaka%20Shanti%20kannada.pdf,V0.0,"Jun 1, 2019",,Active,
Kannada,Vedic Books by Subject,4) Siva Stuti - Kannada (without kramam),https://vedavms.in/docs/kannada/Siva%20Stuti%20kannada.pdf,V0.0,"Jun 1, 2019",,Active,
Kannada,Vedic Books by Subject,"5) acChidram, aSvamedham & kAThakam - Kannada",https://vedavms.in/docs/kannada/AAK-Kannada.pdf,,"Mar 31, 2020",,Active,
Kannada,Vedic Books by Subject,6) AbhisravaNam - Kannada,https://vedavms.in/docs/kannada/abhisravaNam%20kannada.pdf,V0.0,"Jun 30, 2019",,Active,
Kannada,Vedic Books by Subject,7) Rudra Ghanam - Kannada,https://vedavms.in/docs/kannada/Rudra%20Ghanam%20kannada.pdf,V0.0,"May 31, 2019",,Active,
Kannada,Vedic Books by Subject,8) Chamaka Ghanam - Kannada,https://vedavms.in/docs/kannada/Chamaka%20Ghanam%20kannada.pdf,V0.0,"May 31, 2019",,Active,
Kannada,Vedic Books by Subject,9) Rudra Kramam Column - Kannada,https://vedavms.in/docs/kannada/Rudra%20Kramam%20kannada%20Column.pdf,,"Jun 30, 2021",,Active,
Kannada,Vedic Books by Subject,10) Chamaka Kramam Column - Kannada,https://vedavms.in/docs/kannada/Chamaka%20Kramam%20kannada%20Column.pdf,,"Jun 30, 2021",,Active,
Kannada,Vedic Books by Subject,11) TaittirIya brAhmaNam -prapAtakam 1 .1-1.4 Kannada,https://vedavms.in/docs/kannada/TB%201.1-1.4%20kannada.pdf,,"Feb 28, 2021",,Active,
Kannada,Vedic Books by Subject,12) TaittirIya brAhmaNam -prapAtakam 1.5-1.8 Kannada,https://vedavms.in/docs/kannada/TB%201.5-1.8%20kannada.pdf,,"Feb 28, 2021",,Active,
Kannada,Vedic Books by Subject,13) TaittirIya brAhmaNam -prapAtakam 2.1-2.4 Kannada,https://vedavms.in/docs/kannada/TB%202.1-2.4%20kannada.pdf,,"Feb 28, 2021",,Active,
Kannada,Vedic Books by Subject,14) TaittirIya brAhmaNam -prapAtakam 2.5-2.8 Kannada,https://vedavms.in/docs/kannada/TB%202.5-2.8%20kannada.pdf,,"Feb 28, 2021",,Active,
Kannada,Vedic Books by Subject,15) TaittirIya brAhmaNam -prapAtakam 3.1-3.6 Kannada,https://vedavms.in/docs/kannada/TB%203.1-3.6%20kannada.pdf,,"Feb 28, 2021",,Active,
Kannada,Vedic Books by Subject,16) TaittirIya brAhmaNam -prapAtakam 3 .7-3.12 Kannada,https://vedavms.in/docs/kannada/TB%203.7-3.12%20kannada.pdf,,"Feb 28, 2021",,Active,
Kannada,Vedic Books by Subject,17) TaittirIya SamhitA kANDam 1 Kannada,https://vedavms.in/docs/kannada/TS1%20Kannada.pdf,,"Nov 30, 2022",,Active,
Kannada,Vedic Books by Subject,18) TaittirIya SamhitA kANDam 2 Kannada,https://vedavms.in/docs/kannada/TS2%20Kannada.pdf,,"Nov 30, 2022",,Active,
Kannada,Vedic Books by Subject,19) TaittirIya SamhitA kANDam 3 Kannada,https://vedavms.in/docs/kannada/TS3%20Kannada.pdf,,"Nov 30, 2022",,Active,
Kannada,Vedic Books by Subject,20) TaittirIya SamhitA kANDam 4 Kannada,https://vedavms.in/docs/kannada/TS4%20Kannada.pdf,,"Nov 30, 2022",,Active,
Kannada,Vedic Books by Subject,21) TaittirIya SamhitA kANDam 5 Kannada,https://vedavms.in/docs/kannada/TS5%20Kannada.pdf,,"Nov 30, 2022",,Active,
Kannada,Vedic Books by Subject,22) TaittirIya SamhitA kANDam 6 Kannada,https://vedavms.in/docs/kannada/TS6%20Kannada.pdf,,"Nov 30, 2022",,Active,
Kannada,Vedic Books by Subject,23) TaittirIya SamhitA kANDam 7 Kannada,https://vedavms.in/docs/kannada/TS7%20Kannada.pdf,,"Nov 30, 2022",,Active,
Kannada,Vedic Books by Subject,24) TaittirIya SamhitA Pada Paatam kANDam 1 Kannada,https://vedavms.in/docs/kannada/TS1%20Kannada%20Pada%20Paatam.pdf,,"Jun 30, 2022",,Active,
Kannada,Vedic Books by Subject,25) TaittirIya SamhitA Pada Paatam kANDam 2 Kannada,https://vedavms.in/docs/kannada/TS2%20Kannada%20Pada%20Paatam.pdf,,"Jun 30, 2022",,Active,
Kannada,Vedic Books by Subject,26) TaittirIya SamhitA Pada Paatam kANDam 3 Kannada,https://vedavms.in/docs/kannada/TS3%20Kannada%20Pada%20Paatam.pdf,,"Jun 30, 2022",,Active,
Kannada,Vedic Books by Subject,27) TaittirIya SamhitA Pada Paatam kANDam 4 Kannada,https://vedavms.in/docs/kannada/TS4%20Kannada%20Pada%20Paatam.pdf,,"Jun 30, 2022",,Active,
Kannada,Vedic Books by Subject,28) TaittirIya SamhitA Pada Paatam kANDam 5 Kannada,https://vedavms.in/docs/kannada/TS5%20Kannada%20Pada%20Paatam.pdf,,"Jun 30, 2022",,Active,
Kannada,Vedic Books by Subject,29) TaittirIya SamhitA Pada Paatam kANDam 6 Kannada,https://vedavms.in/docs/kannada/TS6%20Kannada%20Pada%20Paatam.pdf,,"Jun 30, 2022",,Active,
Kannada,Vedic Books by Subject,30) TaittirIya SamhitA Pada Paatam kANDam 7 Kannada,https://vedavms.in/docs/kannada/TS7%20Kannada%20Pada%20Paatam.pdf,,"Jun 30, 2022",,Active,
Telugu,Vedic Books by Subject,1) Shanti Japam - Telugu,https://vedavms.in/docs/telugu/Shanti%20Japam%20telugu.pdf,V0.0,"Mar 1, 2019",,Active,
Telugu,Vedic Books by Subject,2) TaittirIya Upanishad - Telugu,https://vedavms.in/docs/telugu/Taittiriya%20Upanishad%20telugu.pdf,V0.0,"Jun 1, 2019",,Active,
Telugu,Vedic Books by Subject,3) Udaka Shanti - Telugu,https://vedavms.in/docs/telugu/Udaka%20Shanti%20telugu.pdf,V0.0,"Jun 1, 2019",,Active,
Telugu,Vedic Books by Subject,4) Siva Stuti - Telugu (without Kramam),https://vedavms.in/docs/telugu/Siva%20Stuti%20telugu.pdf,V0.0,"Jun 1, 2019",,Active,
Telugu,Vedic Books by Subject,"5) accChidram, aSvamedham & kAThakam - Telugu",https://vedavms.in/docs/telugu/AAK-telugu.pdf,,"Mar 31, 2020",,Active,
Telugu,Vedic Books by Subject,6) AbhisravaNam - Telugu,https://vedavms.in/docs/telugu/abhisravaNam%20telugu.pdf,V0.0,"Jun 30, 2019",,Active,
Telugu,Vedic Books by Subject,7) Rudra Ghanam - Telugu,https://vedavms.in/docs/telugu/Rudra%20Ghanam%20telugu.pdf,V0.0,"May 31, 2019",,Active,
Telugu,Vedic Books by Subject,8) Chamaka Ghanam - Telugu,https://vedavms.in/docs/telugu/Chamaka%20Ghanam%20telugu.pdf,V0.0,"May 31, 2019",,Active,
Telugu,Vedic Books by Subject,9) Rudra Kramam Column - Telugu,https://vedavms.in/docs/telugu/Rudra%20Kramam%20telugu%20Column.pdf,,"Jun 30, 2021",,Active,
Telugu,Vedic Books by Subject,10) Chamaka Kramam Column - Telugu,https://vedavms.in/docs/telugu/Chamaka%20Kramam%20telugu%20Column.pdf,,"Jun 30, 2021",,Active,
Telugu,Vedic Books by Subject,11) TaittirIya brAhmaNam -prapAtakam 3 - TB 1.1-1.4 Telugu,https://vedavms.in/docs/telugu/TB%201.1-1.4%20telugu.pdf,,"Feb 28, 2021",,Active,
Telugu,Vedic Books by Subject,12) TaittirIya brAhmaNam -prapAtakam 3 - TB 1.5-1.8 Telugu,https://vedavms.in/docs/telugu/TB%201.5-1.8%20telugu.pdf,,"Feb 28, 2021",,Active,
Telugu,Vedic Books by Subject,13) TaittirIya brAhmaNam -prapAtakam 3 - TB 2.1-2.4 Telugu,https://vedavms.in/docs/telugu/TB%202.1-2.4%20telugu.pdf,,"Feb 28, 2021",,Active,
Telugu,Vedic Books by Subject,14) TaittirIya brAhmaNam -prapAtakam 3 - TB 2.5-2.8 Telugu,https://vedavms.in/docs/telugu/TB%202.5-2.8%20telugu.pdf,,"Feb 28, 2021",,Active,
Telugu,Vedic Books by Subject,15) TaittirIya brAhmaNam -prapAtakam 3 - TB 3.1-3.6 Telugu,https://vedavms.in/docs/telugu/TB%203.1-3.6%20telugu.pdf,,"Feb 28, 2021",,Active,
Telugu,Vedic Books by Subject,16) TaittirIya brAhmaNam -prapAtakam 3 - TB 3.7-3.12 Telugu,https://vedavms.in/docs/telugu/TB%203.7-3.12%20telugu.pdf,,"Feb 28, 2021",,Active,
Latin (IAST),Vedic Books by Subject,1) Shanti Japam - Latin Coding,https://vedavms.in/docs/Latin/Shanti%20Japam%20Latin.pdf,V0.0,"May 31, 2019",,Active,
Latin (IAST),Vedic Books by Subject,2) TaittirIya Upanishad - Latin Coding PDF,https://vedavms.in/docs/Latin/Taittiriya%20Upanishad%20Latin.pdf,V0.0,"Jun 1, 2019",,Active,
Latin (IAST),Vedic Books by Subject,2A) TaittirIya Upanishad - Latin Coding in Word,https://vedavms.in/docs/Latin/Taittiriya%20Upanishad%20Latin.docx,,"Mar 31, 2020",,Active,
Latin (IAST),Vedic Books by Subject,3) Udaka Shanti - Latin Coding,https://vedavms.in/docs/Latin/Udaka%20Shanti%20Latin.pdf,V0.0,"Jun 1, 2019",,Active,
Latin (IAST),Vedic Books by Subject,3A) Udaka Shanti - Latin Coding in Word,https://vedavms.in/docs/Latin/Udaka%20Shanti%20Latin.docx,V4.0,"Apr 1, 2020",,Active,
Latin (IAST),Vedic Books by Subject,4) Siva Stuti - Latin Coding (without Kramam),https://vedavms.in/docs/Latin/Siva%20Stuti%20Latin.pdf,V0.0,"Jun 1, 2019",,Active,
Latin (IAST),Vedic Books by Subject,"5) acChidram , aSvamedham & kAThakam - Latin Coding",https://vedavms.in/docs/Latin/AAK-Latin.pdf,,"Mar 31, 2020",,Active,
Latin (IAST),Vedic Books by Subject,6) AbhisravaNam - Latin Coding,https://vedavms.in/docs/Latin/abhisravaNam%20Latin.pdf,V0.0,"Jun 30, 2019",,Active,
Latin (IAST),Vedic Books by Subject,7) Rudra Ghanam - Latin Coding PDF,https://vedavms.in/docs/Latin/Rudra%20Ghanam%20Latin.pdf,V1.0,"Aug 31, 2020",,Active,
Latin (IAST),Vedic Books by Subject,8) Rudra Ghanam - Latin Coding Word,https://vedavms.in/docs/Latin/Rudra%20Ghanam%20Latin.docx,V1.0,"Aug 31, 2020",,Active,
Latin (IAST),Vedic Books by Subject,9) Rudra Jatai - Latin Coding Word,https://vedavms.in/docs/Latin/Rudra%20Jatai%20Latin.docx,V1.0,"Aug 31, 2020",,Active,
Latin (IAST),Vedic Books by Subject,10) Chamaka Ghanam - Latin Coding PDF,https://vedavms.in/docs/Latin/Chamaka%20Ghanam%20Latin.pdf,V1.0,"Aug 31, 2020",,Active,
Latin (IAST),Vedic Books by Subject,11) Chamaka Ghanam - Latin Coding Word,https://vedavms.in/docs/Latin/Chamaka%20Ghanam%20Latin.docx,V1.0,"Aug 31, 2020",,Active,
Latin (IAST),Vedic Books by Subject,12) Chamaka Jatai - Latin Coding PDF,https://vedavms.in/docs/Latin/Chamaka%20jatai%20Latin.pdf,V1.0,"Aug 31, 2020",,Active,
Latin (IAST),Vedic Books by Subject,13) Chamaka Jatai - Latin Coding Word,https://vedavms.in/docs/Latin/Chamaka%20Jatai%20Latin.docx,V1.0,"Aug 31, 2020",,Active,
Latin (IAST),Vedic Books by Subject,14) Rudra Kramam Column - Latin (IAST) PDF,https://vedavms.in/docs/Latin/Rudra%20kramam%20Latin%20Column.pdf,,"Jun 30, 2021",,Active,
Latin (IAST),Vedic Books by Subject,15) Chamaka Kramam Column- Latin (IAST) PDF,https://vedavms.in/docs/Latin/Chamaka%20Kramam%20Latin%20Column.pdf,,"Jun 30, 2021",,Active,
Latin (IAST),TaittirIya samhitA,TaittirIya samhitA Kandam 1 Latin Coding (IAST),https://vedavms.in/docs/Latin/TS%201%20Latin.docx,V0.0,"Dec 31, 2020",,Active,
Latin (IAST),TaittirIya samhitA,TaittirIya samhitA Kandam 2 Latin Coding (IAST),https://vedavms.in/docs/Latin/TS%202%20Latin.docx,V0.0,"Jan 31, 2021",,Active,
Latin (IAST),TaittirIya samhitA,TaittirIya samhitA Kandam 3 Latin Coding (IAST),https://vedavms.in/docs/Latin/TS%203%20Latin.docx,V0.0,"Feb 28, 2021",,Active,
Latin (IAST),TaittirIya samhitA,TaittirIya brAhmaNam - ashtakam 3 - TB 1.1-1.4 Latin Coding,https://vedavms.in/docs/Latin/TB%201.1-1.4%20Latin.pdf,,"Feb 28, 2021",,Active,
Latin (IAST),TaittirIya samhitA,TaittirIya brAhmaNam - ashtakam 3 - TB 1.5-1.8 Latin Coding,https://vedavms.in/docs/Latin/TB%201.5-1.8%20Latin.pdf,,"Feb 28, 2021",,Active,
Latin (IAST),TaittirIya samhitA,TaittirIya brAhmaNam - ashtakam 3 - TB 2.1-2.4 Latin Coding,https://vedavms.in/docs/Latin/TB%202.1-2.4%20Latin.pdf,,"Feb 28, 2021",,Active,
Latin (IAST),TaittirIya samhitA,TaittirIya brAhmaNam - ashtakam 3 - TB 2.5-2.8 Latin Coding,https://vedavms.in/docs/Latin/TB%202.5-2.8%20Latin.pdf,,"Feb 28, 2021",,Active,
Latin (IAST),TaittirIya samhitA,TaittirIya brAhmaNam - ashtakam 3 - TB 3.1-3.6 Latin Coding,https://vedavms.in/docs/Latin/TB%203.1-3.6%20Latin.pdf,,"Feb 28, 2021",,Active,
Latin (IAST),TaittirIya samhitA,TaittirIya brAhmaNam - ashtakam 3 - TB 3.7-3.12 Latin Coding,https://vedavms.in/docs/Latin/TB%203.7-3.12%20Latin.pdf,,"Feb 28, 2021",,Active,
Latin (IAST),TaittirIya samhitA,TS 1.1. Pada Paatam Latin Coding,https://vedavms.in/docs/Latin/TS%201.1%20Latin%20pada%20paatam.docx,V0.0,"Dec 31, 2020",,Active,
Baraha Source,Vedic Books by Subject,1) Shanti Japam - Baraha,https://vedavms.in/docs/Baraha/Shanti%20Japam%20Baraha.docx,V0.0,"Jan 31, 2020",,Active,
Baraha Source,Vedic Books by Subject,2) TaittirIya Upanishad,https://vedavms.in/docs/Baraha/Taittiriya%20Upanishad%20Baraha.docx,V0.1,"Mar 31, 2020",,Active,
Baraha Source,Vedic Books by Subject,3) Udaka Shanti - Baraha,https://vedavms.in/docs/Baraha/Udaka%20Shanti%20Baraha.docx,V0.1,"Jan 31, 2020",,Active,
Baraha Source,Vedic Books by Subject,3A) Udaka Shanti ASCT- anushangam continuous text,https://vedavms.in/docs/Baraha/Udaka%20Shanti%20ASCT%20Baraha.docx,V0.1,"Jan 31, 2020",,Active,
Baraha Source,Vedic Books by Subject,4) Siva Stuti - Baraha Encoding,https://vedavms.in/docs/Baraha/Siva%20Stuti%20Baraha.docx,V0.0,"Jun 1, 2019",,Active,
Baraha Source,Vedic Books by Subject,5) Rudra Jatai - Baraha Encoding,https://vedavms.in/docs/Baraha/Rudra%20Jatai%20Baraha.docx,V1.0,"Aug 31, 2020",,Active,
Baraha Source,Vedic Books by Subject,6) Rudra Ghanam - Baraha Encoding,https://vedavms.in/docs/Baraha/Rudra%20Ghanam%20Baraha.docx,V1.0,"Aug 31, 2020",,Active,
Baraha Source,Vedic Books by Subject,7) Chamaka Jatai - Baraha Encoding,https://vedavms.in/docs/Baraha/Chamaka%20Jatai%20Baraha.docx,V1.0,"Aug 31, 2020",,Active,
Baraha Source,Vedic Books by Subject,8) Chamaka Ghanam - Baraha Encoding,https://vedavms.in/docs/Baraha/Chamaka%20Ghanam%20Baraha.docx,V1.0,"Aug 31, 2020",,Active,
Baraha Source,TaittirIya SamhitA,TaittirIya samhitA - kANDam 1,https://vedavms.in/docs/Baraha/TS%201%20Baraha.docx,V0.3,"Aug 31, 2020",,Active,
Baraha Source,TaittirIya SamhitA,TaittirIya samhitA - kANDam 2,https://vedavms.in/docs/Baraha/TS%202%20Baraha.docx,V0.2,"Aug 31, 2020",,Active,
Baraha Source,TaittirIya SamhitA,TaittirIya samhitA - kANDam 3,https://vedavms.in/docs/Baraha/TS%203%20Baraha.docx,V1.0,"Dec 31, 2020",,Active,
Baraha Source,TaittirIya SamhitA,TaittirIya samhitA - kANDam 4,https://vedavms.in/docs/Baraha/TS%204%20Baraha.docx,,"Feb 28, 2021",,Active,
Baraha Source,TaittirIya SamhitA,TaittirIya samhitA - kANDam 5,https://vedavms.in/docs/Baraha/TS%205%20Baraha.docx,,"Oct 31, 2019",,Active,
Baraha Source,TaittirIya SamhitA,TaittirIya samhitA - kANDam 6,https://vedavms.in/docs/Baraha/TS%206%20Baraha.docx,,"Oct 31, 2019",,Active,
Baraha Source,TaittirIya SamhitA,TaittirIya samhitA - kANDam 7,https://vedavms.in/docs/Baraha/TS%207%20Baraha.docx,,"Oct 31, 2019",,Active,
Baraha Source,TaittirIya BrAhmaNam,TaittirIya BrAhmaNam - aShtakam 1 - TB 1.1-1.4,https://vedavms.in/docs/Baraha/TB%201.1-1.4%20Baraha.docx,,"Feb 28, 2021",,Active,
Baraha Source,TaittirIya BrAhmaNam,TaittirIya BrAhmaNam - aShtakam 1 - TB 1.5-1.8,https://vedavms.in/docs/Baraha/TB%201.5-1.8%20Baraha.docx,,"Feb 28, 2021",,Active,
Baraha Source,TaittirIya BrAhmaNam,TaittirIya BrAhmaNam - aShtakam 2- TB 2.1-2.4,https://vedavms.in/docs/Baraha/TB%202.1-2.4%20Baraha.docx,,"Feb 28, 2021",,Active,
Baraha Source,TaittirIya BrAhmaNam,TaittirIya BrAhmaNam - aShtakam 2 - TB 2.5-2.8,https://vedavms.in/docs/Baraha/TB%202.5-2.8%20Baraha.docx,,"Feb 28, 2021",,Active,
Baraha Source,TaittirIya BrAhmaNam,TaittirIya BrAhmaNam - aShtakam 3 - TB 3.1-3.6,https://vedavms.in/docs/Baraha/TB%203.1-3.6%20Baraha.docx,,"Feb 28, 2021",,Active,
Baraha Source,TaittirIya BrAhmaNam,TaittirIya BrAhmaNam - aShtakam 3 - TB 3.7-3.12,https://vedavms.in/docs/Baraha/TB%203.7-3.12%20Baraha.docx,,"Feb 28, 2021",,Active,
Baraha Source,TaittirIya AraNyakam,TaittirIya AraNyakaM - Prapaatakam 1 to 4 - TA 1-4,https://vedavms.in/docs/Baraha/TA%201-4%20Baraha.docx,,"Feb 28, 2021",,Active,
Baraha Source,TaittirIya AraNyakam,TaittirIya AraNyakaM - Prapaatakam 5 to 6 - TA 5-6,https://vedavms.in/docs/Baraha/TA%205-6%20Baraha.docx,,"Feb 28, 2021",,Active,
Baraha Source,TaittirIya AraNyakam,TaittirIya AraNyakaM - Prapaatakam 7 to 8 - TA 7-8,https://vedavms.in/docs/Baraha/TA%207-8%20Baraha.docx,,"Feb 28, 2021",,Active,
Baraha Source,TaittirIya SamhitA pada pAtam — Kandam 1,TS 1.1 Pada Paatam,https://vedavms.in/docs/Baraha/TS%201.1%20Baraha%20Pada%20paatam.docx,,"Aug 31, 2020",,Active,
Baraha Source,TaittirIya SamhitA pada pAtam — Kandam 1,TS 1.2 Pada Paatam,https://vedavms.in/docs/Baraha/TS%201.2%20Baraha%20Pada%20paatam.docx,,"Aug 31, 2020",,Active,
Baraha Source,TaittirIya SamhitA pada pAtam — Kandam 1,TS 1.3 Pada Paatam,https://vedavms.in/docs/Baraha/TS%201.3%20Baraha%20Pada%20paatam.docx,,"Aug 31, 2020",,Active,
Baraha Source,TaittirIya SamhitA pada pAtam — Kandam 1,TS 1.4 Pada Paatam,https://vedavms.in/docs/Baraha/TS%201.4%20Baraha%20Pada%20paatam.docx,,"Aug 31, 2020",,Active,
Baraha Source,TaittirIya SamhitA pada pAtam — Kandam 1,TS 1.5 Pada Paatam,https://vedavms.in/docs/Baraha/TS%201.5%20Baraha%20Pada%20paatam.docx,,"Aug 31, 2020",,Active,
Baraha Source,TaittirIya SamhitA pada pAtam — Kandam 1,TS 1.6 Pada Paatam,https://vedavms.in/docs/Baraha/TS%201.6%20Baraha%20Pada%20paatam.docx,,"Aug 31, 2020",,Active,
Baraha Source,TaittirIya SamhitA pada pAtam — Kandam 1,TS 1.7 Pada Paatam,https://vedavms.in/docs/Baraha/TS%201.7%20Baraha%20Pada%20paatam.docx,,"Aug 31, 2020",,Active,
Baraha Source,TaittirIya SamhitA pada pAtam — Kandam 1,TS 1.8 Pada Paatam,https://vedavms.in/docs/Baraha/TS%201.8%20Baraha%20Pada%20paatam.docx,,"Aug 31, 2020",,Active,
Baraha Source,TaittirIya SamhitA pada pAtam — Kandam 2,TS 2.1 Pada Paatam,https://vedavms.in/docs/Baraha/TS%202.1%20Baraha%20Pada%20paatam.docx,,"Aug 31, 2020",,Active,
Baraha Source,TaittirIya SamhitA pada pAtam — Kandam 2,TS 2.2 Pada Paatam,https://vedavms.in/docs/Baraha/TS%202.2%20Baraha%20Pada%20paatam.docx,,"Aug 31, 2020",,Active,
Baraha Source,TaittirIya SamhitA pada pAtam — Kandam 2,TS 2.3 Pada Paatam,https://vedavms.in/docs/Baraha/TS%202.3%20Baraha%20Pada%20paatam.docx,,"Aug 31, 2020",,Active,
Baraha Source,TaittirIya SamhitA pada pAtam — Kandam 2,TS 2.4 Pada Paatam,https://vedavms.in/docs/Baraha/TS%202.4%20Baraha%20Pada%20paatam.docx,,"Aug 31, 2020",,Active,
Baraha Source,TaittirIya SamhitA pada pAtam — Kandam 2,TS 2.5 Pada Paatam,https://vedavms.in/docs/Baraha/TS%202.5%20Baraha%20Pada%20paatam.docx,,"Aug 31, 2020",,Active,
Baraha Source,TaittirIya SamhitA pada pAtam — Kandam 2,TS 2.6 Pada Paatam,https://vedavms.in/docs/Baraha/TS%202.6%20Baraha%20Pada%20paatam.docx,,"Aug 31, 2020",,Active,
Baraha Source,TaittirIya SamhitA pada pAtam — Kandam 3,TS 3.1 Pada Paatam,https://vedavms.in/docs/Baraha/TS%203.1%20Baraha%20Pada%20paatam.docx,V1.0,"Dec 31, 2020",,Active,
Baraha Source,TaittirIya SamhitA pada pAtam — Kandam 3,TS 3.2 Pada Paatam,https://vedavms.in/docs/Baraha/TS%203.2%20Baraha%20Pada%20paatam.docx,V1.0,"Dec 31, 2020",,Active,
Baraha Source,TaittirIya SamhitA pada pAtam — Kandam 3,TS 3.3 Pada Paatam,https://vedavms.in/docs/Baraha/TS%203.3%20Baraha%20Pada%20paatam.docx,V1.0,"Dec 31, 2020",,Active,
Baraha Source,TaittirIya SamhitA pada pAtam — Kandam 3,TS 3.4 Pada Paatam,https://vedavms.in/docs/Baraha/TS%203.4%20Baraha%20Pada%20paatam.docx,V1.0,"Dec 31, 2020",,Active,
Baraha Source,TaittirIya SamhitA pada pAtam — Kandam 3,TS 3.5 Pada Paatam,https://vedavms.in/docs/Baraha/TS%203.5%20Baraha%20Pada%20paatam.docx,V1.0,"Dec 31, 2020",,Active,
Baraha Source,TaittirIya SamhitA pada pAtam — Kandam 4,TS 4.1 Pada Paatam,https://vedavms.in/docs/Baraha/TS%204.1%20Baraha%20Pada%20paatam.docx,,"Oct 31, 2019",,Active,
Baraha Source,TaittirIya SamhitA pada pAtam — Kandam 4,TS 4.2 Pada Paatam,https://vedavms.in/docs/Baraha/TS%204.2%20Baraha%20Pada%20paatam.docx,,"Oct 31, 2019",,Active,
Baraha Source,TaittirIya SamhitA pada pAtam — Kandam 4,TS 4.3 Pada Paatam,https://vedavms.in/docs/Baraha/TS%204.3%20Baraha%20Pada%20paatam.docx,,"Oct 31, 2019",,Active,
Baraha Source,TaittirIya SamhitA pada pAtam — Kandam 4,TS 4.4 Pada Paatam,https://vedavms.in/docs/Baraha/TS%204.4%20Baraha%20Pada%20paatam.docx,,"Oct 31, 2019",,Active,
Baraha Source,TaittirIya SamhitA pada pAtam — Kandam 4,TS 4.5 Pada Paatam,https://vedavms.in/docs/Baraha/TS%204.5%20Baraha%20Pada%20paatam.docx,,"Oct 31, 2019",,Active,
Baraha Source,TaittirIya SamhitA pada pAtam — Kandam 4,TS 4.6 Pada Paatam,https://vedavms.in/docs/Baraha/TS%204.6%20Baraha%20Pada%20paatam.docx,,"Oct 31, 2019",,Active,
Baraha Source,TaittirIya SamhitA pada pAtam — Kandam 4,TS 4.7 Pada Paatam,https://vedavms.in/docs/Baraha/TS%204.7%20Baraha%20Pada%20paatam.docx,,"Oct 31, 2019",,Active,
Baraha Source,TaittirIya SamhitA pada pAtam — Kandam 5,TS 5.1 Pada Paatam,https://vedavms.in/docs/Baraha/TS%205.1%20Baraha%20Pada%20paatam.docx,,"Oct 31, 2019",,Active,
Baraha Source,TaittirIya SamhitA pada pAtam — Kandam 5,TS 5.2 Pada Paatam,https://vedavms.in/docs/Baraha/TS%205.2%20Baraha%20Pada%20paatam.docx,,"Oct 31, 2019",,Active,
Baraha Source,TaittirIya SamhitA pada pAtam — Kandam 5,TS 5.3 Pada Paatam,https://vedavms.in/docs/Baraha/TS%205.3%20Baraha%20Pada%20paatam.docx,,"Oct 31, 2019",,Active,
Baraha Source,TaittirIya SamhitA pada pAtam — Kandam 5,TS 5.4 Pada Paatam,https://vedavms.in/docs/Baraha/TS%205.4%20Baraha%20Pada%20paatam.docx,,"Oct 31, 2019",,Active,
Baraha Source,TaittirIya SamhitA pada pAtam — Kandam 5,TS 5.5 Pada Paatam,https://vedavms.in/docs/Baraha/TS%205.5%20Baraha%20Pada%20paatam.docx,,"Oct 31, 2019",,Active,
Baraha Source,TaittirIya SamhitA pada pAtam — Kandam 5,TS 5.6 Pada Paatam,https://vedavms.in/docs/Baraha/TS%205.6%20Baraha%20Pada%20paatam.docx,,"Oct 31, 2019",,Active,
Baraha Source,TaittirIya SamhitA pada pAtam — Kandam 5,TS 5.7 Pada Paatam,https://vedavms.in/docs/Baraha/TS%205.7%20Baraha%20Pada%20paatam.docx,,"Oct 31, 2019",,Active,
Baraha Source,TaittirIya SamhitA pada pAtam — Kandam 6,TS 6.1 Pada Paatam,https://vedavms.in/docs/Baraha/TS%206.1%20Baraha%20Pada%20paatam.docx,,"Oct 31, 2019",,Active,
Baraha Source,TaittirIya SamhitA pada pAtam — Kandam 6,TS 6.2 Pada Paatam,https://vedavms.in/docs/Baraha/TS%206.2%20Baraha%20Pada%20paatam.docx,,"Oct 31, 2019",,Active,
Baraha Source,TaittirIya SamhitA pada pAtam — Kandam 6,TS 6.3 Pada Paatam,https://vedavms.in/docs/Baraha/TS%206.3%20Baraha%20Pada%20paatam.docx,,"Oct 31, 2019",,Active,
Baraha Source,TaittirIya SamhitA pada pAtam — Kandam 6,TS 6.4 Pada Paatam,https://vedavms.in/docs/Baraha/TS%206.4%20Baraha%20Pada%20paatam.docx,,"Oct 31, 2019",,Active,
Baraha Source,TaittirIya SamhitA pada pAtam — Kandam 6,TS 6.5 Pada Paatam,https://vedavms.in/docs/Baraha/TS%206.5%20Baraha%20Pada%20paatam.docx,,"Oct 31, 2019",,Active,
Baraha Source,TaittirIya SamhitA pada pAtam — Kandam 6,TS 6.6 Pada Paatam,https://vedavms.in/docs/Baraha/TS%206.6%20Baraha%20Pada%20paatam.docx,,"Oct 31, 2019",,Active,
Baraha Source,TaittirIya SamhitA pada pAtam — Kandam 7,TS 7.1 Pada Paatam,https://vedavms.in/docs/Baraha/TS%207.1%20Baraha%20Pada%20paatam.docx,,"Nov 30, 2019",,Active,
Baraha Source,TaittirIya SamhitA pada pAtam — Kandam 7,TS 7.2 Pada Paatam,https://vedavms.in/docs/Baraha/TS%207.2%20Baraha%20Pada%20paatam.docx,,"Nov 30, 2019",,Active,
Baraha Source,TaittirIya SamhitA pada pAtam — Kandam 7,TS 7.3 Pada Paatam,https://vedavms.in/docs/Baraha/TS%207.3%20Baraha%20Pada%20paatam.docx,,"Nov 30, 2019",,Active,
Baraha Source,TaittirIya SamhitA pada pAtam — Kandam 7,TS 7.4 Pada Paatam,https://vedavms.in/docs/Baraha/TS%207.4%20Baraha%20Pada%20paatam.docx,,"Nov 30, 2019",,Active,
Baraha Source,TaittirIya SamhitA pada pAtam — Kandam 7,TS 7.5 Pada Paatam,https://vedavms.in/docs/Baraha/TS%207.5%20Baraha%20Pada%20paatam.docx,,"Nov 30, 2019",,Active,
Baraha Source,TaittirIya SamhitA krama pAtam — Kandam 1,TS 1.1 Krama Paatam,https://vedavms.in/docs/Baraha/TSK/TS%201.1%20Kramam%20Baraha.docx,,"Jul 31, 2022",,Active,
Baraha Source,TaittirIya SamhitA krama pAtam — Kandam 1,TS 1.2 Krama Paatam,https://vedavms.in/docs/Baraha/TSK/TS%201.2%20Kramam%20Baraha.docx,,"Jul 31, 2022",,Active,
Baraha Source,TaittirIya SamhitA krama pAtam — Kandam 1,TS 1.3 Krama Paatam,https://vedavms.in/docs/Baraha/TSK/TS%201.3%20Kramam%20Baraha.docx,,"Jul 31, 2022",,Active,
Baraha Source,TaittirIya SamhitA krama pAtam — Kandam 1,TS 1.4 Krama Paatam,https://vedavms.in/docs/Baraha/TSK/TS%201.4%20Kramam%20Baraha.docx,,"Jul 31, 2022",,Active,
Baraha Source,TaittirIya SamhitA krama pAtam — Kandam 1,TS 1.5 Krama Paatam,https://vedavms.in/docs/Baraha/TSK/TS%201.5%20Kramam%20Baraha.docx,,"Jul 31, 2022",,Active,
Baraha Source,TaittirIya SamhitA krama pAtam — Kandam 1,TS 1.6 Krama Paatam,https://vedavms.in/docs/Baraha/TSK/TS%201.6%20Kramam%20Baraha.docx,,"Jul 31, 2022",,Active,
Baraha Source,TaittirIya SamhitA krama pAtam — Kandam 1,TS 1.7 Krama Paatam,https://vedavms.in/docs/Baraha/TSK/TS%201.7%20Kramam%20Baraha.docx,,"Jul 31, 2022",,Active,
Baraha Source,TaittirIya SamhitA krama pAtam — Kandam 1,TS 1.8 Krama Paatam,https://vedavms.in/docs/Baraha/TSK/TS%201.8%20Kramam%20Baraha.docx,,"Jul 31, 2022",,Active,
Baraha Source,TaittirIya SamhitA krama pAtam — Kandam 2,TS 2.1 Krama Paatam,https://vedavms.in/docs/Baraha/TSK/TS%202.1%20Kramam%20Baraha.docx,,"Jul 31, 2022",,Active,
Baraha Source,TaittirIya SamhitA krama pAtam — Kandam 2,TS 2.2 Krama Paatam,https://vedavms.in/docs/Baraha/TSK/TS%202.2%20Kramam%20Baraha.docx,,"Jul 31, 2022",,Active,
Baraha Source,TaittirIya SamhitA krama pAtam — Kandam 2,TS 2.3 Krama Paatam,https://vedavms.in/docs/Baraha/TSK/TS%202.3%20Kramam%20Baraha.docx,,"Jul 31, 2022",,Active,
Baraha Source,TaittirIya SamhitA krama pAtam — Kandam 2,TS 2.4 Krama Paatam,https://vedavms.in/docs/Baraha/TSK/TS%202.4%20Kramam%20Baraha.docx,,"Jul 31, 2022",,Active,
Baraha Source,TaittirIya SamhitA krama pAtam — Kandam 2,TS 2.5 Krama Paatam,https://vedavms.in/docs/Baraha/TSK/TS%202.5%20Kramam%20Baraha.docx,,"Jul 31, 2022",,Active,
Baraha Source,TaittirIya SamhitA krama pAtam — Kandam 2,TS 2.6 Krama Paatam,https://vedavms.in/docs/Baraha/TSK/TS%202.6%20Kramam%20Baraha.docx,,"Jul 31, 2022",,Active,
Baraha Source,TaittirIya SamhitA krama pAtam — Kandam 3,TS 3.1 Krama Paatam,https://vedavms.in/docs/Baraha/TSK/TS%203.1%20Kramam%20Baraha.docx,,"Aug 31, 2022",,Active,
Baraha Source,TaittirIya SamhitA krama pAtam — Kandam 3,TS 3.2 Krama Paatam,https://vedavms.in/docs/Baraha/TSK/TS%203.2%20Kramam%20Baraha.docx,,"Aug 31, 2022",,Active,
Baraha Source,TaittirIya SamhitA krama pAtam — Kandam 3,TS 3.3 Krama Paatam,https://vedavms.in/docs/Baraha/TSK/TS%203.3%20Kramam%20Baraha.docx,,"Aug 31, 2022",,Active,
Baraha Source,TaittirIya SamhitA krama pAtam — Kandam 3,TS 3.4 Krama Paatam,https://vedavms.in/docs/Baraha/TSK/TS%203.4%20Kramam%20Baraha.docx,,"Aug 31, 2022",,Active,
Baraha Source,TaittirIya SamhitA krama pAtam — Kandam 3,TS 3.5 Krama Paatam,https://vedavms.in/docs/Baraha/TSK/TS%203.5%20Kramam%20Baraha.docx,,"Aug 31, 2022",,Active,
Baraha Source,TaittirIya SamhitA krama pAtam — Kandam 4,TS 4.1 Krama Paatam,https://vedavms.in/docs/Baraha/TSK/TS%204.1%20Kramam%20Baraha.docx,,"Aug 31, 2022",,Active,
Baraha Source,TaittirIya SamhitA krama pAtam — Kandam 4,TS 4.2 Krama Paatam,https://vedavms.in/docs/Baraha/TSK/TS%204.2%20Kramam%20Baraha.docx,,"Aug 31, 2022",,Active,
Baraha Source,TaittirIya SamhitA krama pAtam — Kandam 4,TS 4.3 Krama Paatam,https://vedavms.in/docs/Baraha/TSK/TS%204.3%20Kramam%20Baraha.docx,,"Aug 31, 2022",,Active,
Baraha Source,TaittirIya SamhitA krama pAtam — Kandam 4,TS 4.4 Krama Paatam,https://vedavms.in/docs/Baraha/TSK/TS%204.4%20Kramam%20Baraha.docx,,"Aug 31, 2022",,Active,
Baraha Source,TaittirIya SamhitA krama pAtam — Kandam 4,TS 4.5 Krama Paatam,https://vedavms.in/docs/Baraha/TSK/TS%204.5%20Kramam%20Baraha.docx,,"Aug 31, 2022",,Active,
Baraha Source,TaittirIya SamhitA krama pAtam — Kandam 4,TS 4.6 Krama Paatam,https://vedavms.in/docs/Baraha/TSK/TS%204.6%20Kramam%20Baraha.docx,,"Aug 31, 2022",,Active,
Baraha Source,TaittirIya SamhitA krama pAtam — Kandam 4,TS 4.7 Krama Paatam,https://vedavms.in/docs/Baraha/TSK/TS%204.7%20Kramam%20Baraha.docx,,"Aug 31, 2022",,Active,
Baraha Source,TaittirIya SamhitA krama pAtam — Kandam 5,TS 5.1 Krama Paatam,https://vedavms.in/docs/Baraha/TSK/TS%205.1%20Kramam%20Baraha.docx,,"Sep 30, 2022",,Active,
Baraha Source,TaittirIya SamhitA krama pAtam — Kandam 5,TS 5.2 Krama Paatam,https://vedavms.in/docs/Baraha/TSK/TS%205.2%20Kramam%20Baraha.docx,,"Sep 30, 2022",,Active,
Baraha Source,TaittirIya SamhitA krama pAtam — Kandam 5,TS 5.3 Krama Paatam,https://vedavms.in/docs/Baraha/TSK/TS%205.3%20Kramam%20Baraha.docx,,"Sep 30, 2022",,Active,
Baraha Source,TaittirIya SamhitA krama pAtam — Kandam 5,TS 5.4 Krama Paatam,https://vedavms.in/docs/Baraha/TSK/TS%205.4%20Kramam%20Baraha.docx,,"Sep 30, 2022",,Active,
Baraha Source,TaittirIya SamhitA krama pAtam — Kandam 5,TS 5.5 Krama Paatam,https://vedavms.in/docs/Baraha/TSK/TS%205.5%20Kramam%20Baraha.docx,,"Sep 30, 2022",,Active,
Baraha Source,TaittirIya SamhitA krama pAtam — Kandam 5,TS 5.6 Krama Paatam,https://vedavms.in/docs/Baraha/TSK/TS%205.6%20Kramam%20Baraha.docx,,"Sep 30, 2022",,Active,
Baraha Source,TaittirIya SamhitA krama pAtam — Kandam 5,TS 5.7 Krama Paatam,https://vedavms.in/docs/Baraha/TSK/TS%205.7%20Kramam%20Baraha.docx,,"Sep 30, 2022",,Active,
Baraha Source,TaittirIya SamhitA krama pAtam — Kandam 6,TS 6.1 Krama Paatam,https://vedavms.in/docs/Baraha/TSK/TS%206.1%20Kramam%20Baraha.docx,,"Sep 30, 2022",,Active,
Baraha Source,TaittirIya SamhitA krama pAtam — Kandam 6,TS 6.2 Krama Paatam,https://vedavms.in/docs/Baraha/TSK/TS%206.2%20Kramam%20Baraha.docx,,"Sep 30, 2022",,Active,
Baraha Source,TaittirIya SamhitA krama pAtam — Kandam 6,TS 6.3 Krama Paatam,https://vedavms.in/docs/Baraha/TSK/TS%206.3%20Kramam%20Baraha.docx,,"Sep 30, 2022",,Active,
Baraha Source,TaittirIya SamhitA krama pAtam — Kandam 6,TS 6.4 Krama Paatam,https://vedavms.in/docs/Baraha/TSK/TS%206.4%20Kramam%20Baraha.docx,,"Sep 30, 2022",,Active,
Baraha Source,TaittirIya SamhitA krama pAtam — Kandam 6,TS 6.5 Krama Paatam,https://vedavms.in/docs/Baraha/TSK/TS%206.5%20Kramam%20Baraha.docx,,"Sep 30, 2022",,Active,
Baraha Source,TaittirIya SamhitA krama pAtam — Kandam 6,TS 6.6 Krama Paatam,https://vedavms.in/docs/Baraha/TSK/TS%206.6%20Kramam%20Baraha.docx,,"Sep 30, 2022",,Active,
Baraha Source,TaittirIya SamhitA krama pAtam — Kandam 7,TS 7.1 Krama Paatam,https://vedavms.in/docs/Baraha/TSK/TS%207.1%20Kramam%20Baraha.docx,,"Sep 30, 2022",,Active,
Baraha Source,TaittirIya SamhitA krama pAtam — Kandam 7,TS 7.2 Krama Paatam,https://vedavms.in/docs/Baraha/TSK/TS%207.2%20Kramam%20Baraha.docx,,"Sep 30, 2022",,Active,
Baraha Source,TaittirIya SamhitA krama pAtam — Kandam 7,TS 7.3 Krama Paatam,https://vedavms.in/docs/Baraha/TSK/TS%207.3%20Kramam%20Baraha.docx,,"Sep 30, 2022",,Active,
Baraha Source,TaittirIya SamhitA krama pAtam — Kandam 7,TS 7.4 Krama Paatam,https://vedavms.in/docs/Baraha/TSK/TS%207.4%20Kramam%20Baraha.docx,,"Sep 30, 2022",,Active,
Baraha Source,TaittirIya SamhitA krama pAtam — Kandam 7,TS 7.5 Krama Paatam,https://vedavms.in/docs/Baraha/TSK/TS%207.5%20Kramam%20Baraha.docx,,"Sep 30, 2022",,Active,
Baraha Source,TaittirIya SamhitA jatA pAtam — Kandam 1,TS 1.1 JatA Paatam,https://vedavms.in/docs/Baraha/TSJ/TS%201.1%20Jatai%20Baraha.docx,,"Jan 31, 2023",,Active,
Baraha Source,TaittirIya SamhitA jatA pAtam — Kandam 1,TS 1.2 JatA Paatam,https://vedavms.in/docs/Baraha/TSJ/TS%201.2%20Jatai%20Baraha.docx,,"Jan 31, 2023",,Active,
Baraha Source,TaittirIya SamhitA jatA pAtam — Kandam 1,TS 1.3 JatA Paatam,https://vedavms.in/docs/Baraha/TSJ/TS%201.3%20Jatai%20Baraha.docx,,"Feb 28, 2023",,Active,
Baraha Source,TaittirIya SamhitA jatA pAtam — Kandam 1,TS 1.4 JatA Paatam,https://vedavms.in/docs/Baraha/TSJ/TS%201.4%20Jatai%20Baraha.docx,,"Feb 28, 2023",,Active,
Baraha Source,TaittirIya SamhitA jatA pAtam — Kandam 1,TS 1.5 JatA Paatam,https://vedavms.in/docs/Baraha/TSJ/TS%201.5%20Jatai%20Baraha.docx,,"Feb 28, 2023",,Active,
Baraha Source,TaittirIya SamhitA jatA pAtam — Kandam 1,TS 1.6 JatA Paatam,https://vedavms.in/docs/Baraha/TSJ/TS%201.6%20Jatai%20Baraha.docx,,"Mar 31, 2023",,Active,
Baraha Source,TaittirIya SamhitA jatA pAtam — Kandam 1,TS 1.7 JatA Paatam,https://vedavms.in/docs/Baraha/TSJ/TS%201.7%20Jatai%20Baraha.docx,,"Mar 31, 2023",,Active,
Baraha Source,TaittirIya SamhitA jatA pAtam — Kandam 1,TS 1.8 JatA Paatam,https://vedavms.in/docs/Baraha/TSJ/TS%201.8%20Jatai%20Baraha.docx,,"Apr 30, 2023",,Active,
Baraha Source,TaittirIya SamhitA jatA pAtam — Kandam 2,TS 2.1 JatA Paatam,https://vedavms.in/docs/Baraha/TSJ/TS%202.1%20Jatai%20Baraha.docx,,"May 31, 2023",,Active,
Baraha Source,TaittirIya SamhitA jatA pAtam — Kandam 2,TS 2.2 JatA Paatam,https://vedavms.in/docs/Baraha/TSJ/TS%202.2%20Jatai%20Baraha.docx,,"Jun 30, 2023",,Active,
Baraha Source,TaittirIya SamhitA jatA pAtam — Kandam 2,TS 2.3 JatA Paatam,https://vedavms.in/docs/Baraha/TSJ/TS%202.3%20Jatai%20Baraha.docx,,"Jul 31, 2023",,Active,
Baraha Source,TaittirIya SamhitA jatA pAtam — Kandam 2,TS 2.4 JatA Paatam,https://vedavms.in/docs/Baraha/TSJ/TS%202.4%20Jatai%20Baraha.docx,,"Jul 31, 2023",,Active,
Baraha Source,TaittirIya SamhitA jatA pAtam — Kandam 2,TS 2.5 JatA Paatam,https://vedavms.in/docs/Baraha/TSJ/TS%202.5%20Jatai%20Baraha.docx,,"Aug 31, 2023",,Active,
Baraha Source,TaittirIya SamhitA jatA pAtam — Kandam 2,TS 2.6 JatA Paatam,https://vedavms.in/docs/Baraha/TSJ/TS%202.6%20Jatai%20Baraha.docx,,"Sep 30, 2023",,Active,
Baraha Source,TaittirIya SamhitA jatA pAtam — Kandam 3,TS 3.1 JatA Paatam,https://vedavms.in/docs/Baraha/TSJ/TS%203.1%20Jatai%20Baraha.docx,,"Oct 31, 2023",,Active,
Baraha Source,TaittirIya SamhitA jatA pAtam — Kandam 3,TS 3.2 JatA Paatam,https://vedavms.in/docs/Baraha/TSJ/TS%203.2%20Jatai%20Baraha.docx,,"Oct 31, 2023",,Active,
Baraha Source,TaittirIya SamhitA jatA pAtam — Kandam 3,TS 3.3 JatA Paatam,https://vedavms.in/docs/Baraha/TSJ/TS%203.3%20Jatai%20Baraha.docx,,"Nov 30, 2023",,Active,
Baraha Source,TaittirIya SamhitA jatA pAtam — Kandam 3,TS 3.4 JatA Paatam,https://vedavms.in/docs/Baraha/TSJ/TS%203.4%20Jatai%20Baraha.docx,,"Jan 31, 2024",,Active,
Baraha Source,TaittirIya SamhitA jatA pAtam — Kandam 3,TS 3.5 JatA Paatam,https://vedavms.in/docs/Baraha/TSJ/TS%203.5%20Jatai%20Baraha.docx,,"Feb 29, 2024",,Active,
Baraha Source,TaittirIya SamhitA jatA pAtam — Kandam 4,TS 4.1 JatA Paatam,https://vedavms.in/docs/Baraha/TSJ/TS%204.1%20Jatai%20Baraha.docx,,"Feb 29, 2024",,Active,
Baraha Source,TaittirIya SamhitA jatA pAtam — Kandam 4,TS 4.2 JatA Paatam,https://vedavms.in/docs/Baraha/TSJ/TS%204.2%20Jatai%20Baraha.docx,,"Mar 31, 2024",,Active,
Baraha Source,TaittirIya SamhitA jatA pAtam — Kandam 4,TS 4.3 JatA Paatam,https://vedavms.in/docs/Baraha/TSJ/TS%204.3%20Jatai%20Baraha.docx,,"Mar 31, 2024",,Active,
Baraha Source,TaittirIya SamhitA jatA pAtam — Kandam 4,TS 4.4 JatA Paatam,https://vedavms.in/docs/Baraha/TSJ/TS%204.4%20Jatai%20Baraha.docx,,"Apr 30, 2024",,Active,
Baraha Source,TaittirIya SamhitA jatA pAtam — Kandam 4,TS 4.5 JatA Paatam,https://vedavms.in/docs/Baraha/TSJ/TS%204.5%20Jatai%20Baraha.docx,,"Apr 30, 2024",,Active,
Baraha Source,TaittirIya SamhitA jatA pAtam — Kandam 4,TS 4.6 JatA Paatam,https://vedavms.in/docs/Baraha/TSJ/TS%204.6%20Jatai%20Baraha.docx,,"May 31, 2024",,Active,
Baraha Source,TaittirIya SamhitA jatA pAtam — Kandam 4,TS 4.7 JatA Paatam,https://vedavms.in/docs/Baraha/TSJ/TS%204.7%20Jatai%20Baraha.docx,,"May 31, 2024",,Active,
Baraha Source,TaittirIya SamhitA jatA pAtam — Kandam 5,TS 5.1 JatA Paatam,https://vedavms.in/docs/Baraha/TSJ/TS%205.1%20Jatai%20Baraha.docx,,"Apr 30, 2023",,Active,
Baraha Source,TaittirIya SamhitA jatA pAtam — Kandam 5,TS 5.2 JatA Paatam,https://vedavms.in/docs/Baraha/TSJ/TS%205.2%20Jatai%20Baraha.docx,,"May 31, 2023",,Active,
Baraha Source,TaittirIya SamhitA jatA pAtam — Kandam 5,TS 5.3 JatA Paatam,https://vedavms.in/docs/Baraha/TSJ/TS%205.3%20Jatai%20Baraha.docx,,"May 31, 2023",,Active,
Baraha Source,TaittirIya SamhitA jatA pAtam — Kandam 5,TS 5.4 JatA Paatam,https://vedavms.in/docs/Baraha/TSJ/TS%205.4%20Jatai%20Baraha.docx,,"Jun 30, 2023",,Active,
Baraha Source,TaittirIya SamhitA jatA pAtam — Kandam 5,TS 5.5 JatA Paatam,https://vedavms.in/docs/Baraha/TSJ/TS%205.5%20Jatai%20Baraha.docx,,"Jul 31, 2023",,Active,
Baraha Source,TaittirIya SamhitA jatA pAtam — Kandam 5,TS 5.6 JatA Paatam,https://vedavms.in/docs/Baraha/TSJ/TS%205.6%20Jatai%20Baraha.docx,,"Jul 31, 2023",,Active,
Baraha Source,TaittirIya SamhitA jatA pAtam — Kandam 5,TS 5.7 JatA Paatam,https://vedavms.in/docs/Baraha/TSJ/TS%205.7%20Jatai%20Baraha.docx,,"Aug 31, 2023",,Active,
Baraha Source,TaittirIya SamhitA jatA pAtam — Kandam 6,TS 6.1 JatA Paatam,https://vedavms.in/docs/Baraha/TSJ/TS%206.1%20Jatai%20Baraha.docx,,"Sep 30, 2023",,Active,
Baraha Source,TaittirIya SamhitA jatA pAtam — Kandam 6,TS 6.2 JatA Paatam,https://vedavms.in/docs/Baraha/TSJ/TS%206.2%20Jatai%20Baraha.docx,,"Oct 31, 2023",,Active,
Baraha Source,TaittirIya SamhitA jatA pAtam — Kandam 6,TS 6.3 JatA Paatam,https://vedavms.in/docs/Baraha/TSJ/TS%206.3%20Jatai%20Baraha.docx,,"Oct 31, 2023",,Active,
Baraha Source,TaittirIya SamhitA jatA pAtam — Kandam 6,TS 6.4 JatA Paatam,https://vedavms.in/docs/Baraha/TSJ/TS%206.4%20Jatai%20Baraha.docx,,"Nov 30, 2023",,Active,
Baraha Source,TaittirIya SamhitA jatA pAtam — Kandam 6,TS 6.5 JatA Paatam,https://vedavms.in/docs/Baraha/TSJ/TS%206.5%20Jatai%20Baraha.docx,,"Jan 31, 2024",,Active,
Baraha Source,TaittirIya SamhitA jatA pAtam — Kandam 6,TS 6.6 JatA Paatam,https://vedavms.in/docs/Baraha/TSJ/TS%206.6%20Jatai%20Baraha.docx,,"Jan 31, 2024",,Active,
Baraha Source,TaittirIya SamhitA jatA pAtam — Kandam 7,TS 7.1 JatA Paatam,https://vedavms.in/docs/Baraha/TSJ/TS%207.1%20Jatai%20Baraha.docx,,"Feb 29, 2024",,Active,
Baraha Source,TaittirIya SamhitA jatA pAtam — Kandam 7,TS 7.2 JatA Paatam,https://vedavms.in/docs/Baraha/TSJ/TS%207.2%20Jatai%20Baraha.docx,,"Mar 31, 2024",,Active,
Baraha Source,TaittirIya SamhitA jatA pAtam — Kandam 7,TS 7.3 JatA Paatam,https://vedavms.in/docs/Baraha/TSJ/TS%207.3%20Jatai%20Baraha.docx,,"Apr 30, 2024",,Active,
Baraha Source,TaittirIya SamhitA jatA pAtam — Kandam 7,TS 7.4 JatA Paatam,https://vedavms.in/docs/Baraha/TSJ/TS%207.4%20Jatai%20Baraha.docx,,"May 31, 2024",,Active,
Baraha Source,TaittirIya SamhitA jatA pAtam — Kandam 7,TS 7.5 JatA Paatam,https://vedavms.in/docs/Baraha/TSJ/TS%207.5%20Jatai%20Baraha.docx,,"May 31, 2024",,Active,
Baraha Source,TaittirIya SamhitA ghana pAtam — Kandam 1,TS 1.1 Ghana Paatam,https://vedavms.in/docs/Baraha/TSG/TS%201.1%20Ghanam%20Baraha.docx,,"Jan 31, 2023",,Active,
Baraha Source,TaittirIya SamhitA ghana pAtam — Kandam 1,TS 1.2 Ghana Paatam,https://vedavms.in/docs/Baraha/TSG/TS%201.2%20Ghanam%20Baraha.docx,,"Jan 31, 2023",,Active,
Baraha Source,TaittirIya SamhitA ghana pAtam — Kandam 1,TS 1.3 Ghana Paatam,https://vedavms.in/docs/Baraha/TSG/TS%201.3%20Ghanam%20Baraha.docx,,"Feb 28, 2023",,Active,
Baraha Source,TaittirIya SamhitA ghana pAtam — Kandam 1,TS 1.4 Ghana Paatam,https://vedavms.in/docs/Baraha/TSG/TS%201.4%20Ghanam%20Baraha.docx,,"Feb 28, 2023",,Active,
Baraha Source,TaittirIya SamhitA ghana pAtam — Kandam 1,TS 1.5 Ghana Paatam,https://vedavms.in/docs/Baraha/TSG/TS%201.5%20Ghanam%20Baraha.docx,,"Feb 28, 2023",,Active,
Baraha Source,TaittirIya SamhitA ghana pAtam — Kandam 1,TS 1.6 Ghana Paatam,https://vedavms.in/docs/Baraha/TSG/TS%201.6%20Ghanam%20Baraha.docx,,"Mar 31, 2023",,Active,
Baraha Source,TaittirIya SamhitA ghana pAtam — Kandam 1,TS 1.7 Ghana Paatam,https://vedavms.in/docs/Baraha/TSG/TS%201.7%20Ghanam%20Baraha.docx,,"Mar 31, 2023",,Active,
Baraha Source,TaittirIya SamhitA ghana pAtam — Kandam 1,TS 1.8 Ghana Paatam,https://vedavms.in/docs/Baraha/TSG/TS%201.8%20Ghanam%20Baraha.docx,,"Apr 30, 2023",,Active,
Baraha Source,TaittirIya SamhitA ghana pAtam — Kandam 2,TS 2.1 Ghana Paatam,https://vedavms.in/docs/Baraha/TSG/TS%202.1%20Ghanam%20Baraha.docx,,"May 31, 2023",,Active,
Baraha Source,TaittirIya SamhitA ghana pAtam — Kandam 2,TS 2.2 Ghana Paatam,https://vedavms.in/docs/Baraha/TSG/TS%202.2%20Ghanam%20Baraha.docx,,"Jun 30, 2023",,Active,
Baraha Source,TaittirIya SamhitA ghana pAtam — Kandam 2,TS 2.3 Ghana Paatam,https://vedavms.in/docs/Baraha/TSG/TS%202.3%20Ghanam%20Baraha.docx,,"Jul 31, 2023",,Active,
Baraha Source,TaittirIya SamhitA ghana pAtam — Kandam 2,TS 2.4 Ghana Paatam,https://vedavms.in/docs/Baraha/TSG/TS%202.4%20Ghanam%20Baraha.docx,,"Jul 31, 2023",,Active,
Baraha Source,TaittirIya SamhitA ghana pAtam — Kandam 2,TS 2.5 Ghana Paatam,https://vedavms.in/docs/Baraha/TSG/TS%202.5%20Ghanam%20Baraha.docx,,"Aug 31, 2023",,Active,
Baraha Source,TaittirIya SamhitA ghana pAtam — Kandam 2,TS 2.6 Ghana Paatam,https://vedavms.in/docs/Baraha/TSG/TS%202.6%20Ghanam%20Baraha.docx,,"Sep 30, 2023",,Active,
Baraha Source,TaittirIya SamhitA ghana pAtam — Kandam 3,TS 3.1 Ghana Paatam,https://vedavms.in/docs/Baraha/TSG/TS%203.1%20Ghanam%20Baraha.docx,,"Oct 31, 2023",,Active,
Baraha Source,TaittirIya SamhitA ghana pAtam — Kandam 3,TS 3.2 Ghana Paatam,https://vedavms.in/docs/Baraha/TSG/TS%203.2%20Ghanam%20Baraha.docx,,"Oct 31, 2023",,Active,
Baraha Source,TaittirIya SamhitA ghana pAtam — Kandam 3,TS 3.3 Ghana Paatam,https://vedavms.in/docs/Baraha/TSG/TS%203.3%20Ghanam%20Baraha.docx,,"Nov 30, 2023",,Active,
Baraha Source,TaittirIya SamhitA ghana pAtam — Kandam 3,TS 3.4 Ghana Paatam,https://vedavms.in/docs/Baraha/TSG/TS%203.4%20Ghanam%20Baraha.docx,,"Jan 31, 2024",,Active,
Baraha Source,TaittirIya SamhitA ghana pAtam — Kandam 3,TS 3.5 Ghana Paatam,https://vedavms.in/docs/Baraha/TSG/TS%203.5%20Ghanam%20Baraha.docx,,"Feb 29, 2024",,Active,
Baraha Source,TaittirIya SamhitA ghana pAtam — Kandam 4,TS 4.1 Ghana Paatam,https://vedavms.in/docs/Baraha/TSG/TS%204.1%20Ghanam%20Baraha.docx,,"Feb 29, 2024",,Active,
Baraha Source,TaittirIya SamhitA ghana pAtam — Kandam 4,TS 4.2 Ghana Paatam,https://vedavms.in/docs/Baraha/TSG/TS%204.2%20Ghanam%20Baraha.docx,,"Mar 31, 2024",,Active,
Baraha Source,TaittirIya SamhitA ghana pAtam — Kandam 4,TS 4.3 Ghana Paatam,https://vedavms.in/docs/Baraha/TSG/TS%204.3%20Ghanam%20Baraha.docx,,"Mar 31, 2024",,Active,
Baraha Source,TaittirIya SamhitA ghana pAtam — Kandam 4,TS 4.4 Ghana Paatam,https://vedavms.in/docs/Baraha/TSG/TS%204.4%20Ghanam%20Baraha.docx,,"Apr 30, 2024",,Active,
Baraha Source,TaittirIya SamhitA ghana pAtam — Kandam 4,TS 4.5 Ghana Paatam,https://vedavms.in/docs/Baraha/TSG/TS%204.5%20Ghanam%20Baraha.docx,,"Apr 30, 2024",,Active,
Baraha Source,TaittirIya SamhitA ghana pAtam — Kandam 4,TS 4.6 Ghana Paatam,https://vedavms.in/docs/Baraha/TSG/TS%204.6%20Ghanam%20Baraha.docx,,"May 31, 2024",,Active,
Baraha Source,TaittirIya SamhitA ghana pAtam — Kandam 4,TS 4.7 Ghana Paatam,https://vedavms.in/docs/Baraha/TSG/TS%204.7%20Ghanam%20Baraha.docx,,"May 31, 2024",,Active,
Baraha Source,TaittirIya SamhitA ghana pAtam — Kandam 5,TS 5.1 Ghana Paatam,https://vedavms.in/docs/Baraha/TSG/TS%205.1%20Ghanam%20Baraha.docx,,"Apr 30, 2023",,Active,
Baraha Source,TaittirIya SamhitA ghana pAtam — Kandam 5,TS 5.2 Ghana Paatam,https://vedavms.in/docs/Baraha/TSG/TS%205.2%20Ghanam%20Baraha.docx,,"May 31, 2023",,Active,
Baraha Source,TaittirIya SamhitA ghana pAtam — Kandam 5,TS 5.3 Ghana Paatam,https://vedavms.in/docs/Baraha/TSG/TS%205.3%20Ghanam%20Baraha.docx,,"May 31, 2023",,Active,
Baraha Source,TaittirIya SamhitA ghana pAtam — Kandam 5,TS 5.4 Ghana Paatam,https://vedavms.in/docs/Baraha/TSG/TS%205.4%20Ghanam%20Baraha.docx,,"Jun 30, 2023",,Active,
Baraha Source,TaittirIya SamhitA ghana pAtam — Kandam 5,TS 5.5 Ghana Paatam,https://vedavms.in/docs/Baraha/TSG/TS%205.5%20Ghanam%20Baraha.docx,,"Jul 31, 2023",,Active,
Baraha Source,TaittirIya SamhitA ghana pAtam — Kandam 5,TS 5.6 Ghana Paatam,https://vedavms.in/docs/Baraha/TSG/TS%205.6%20Ghanam%20Baraha.docx,,"Jul 31, 2023",,Active,
Baraha Source,TaittirIya SamhitA ghana pAtam — Kandam 5,TS 5.7 Ghana Paatam,https://vedavms.in/docs/Baraha/TSG/TS%205.7%20Ghanam%20Baraha.docx,,"Aug 31, 2023",,Active,
Baraha Source,TaittirIya SamhitA ghana pAtam — Kandam 6,TS 6.1 Ghana Paatam,https://vedavms.in/docs/Baraha/TSG/TS%206.1%20Ghanam%20Baraha.docx,,"Sep 30, 2023",,Active,
Baraha Source,TaittirIya SamhitA ghana pAtam — Kandam 6,TS 6.2 Ghana Paatam,https://vedavms.in/docs/Baraha/TSG/TS%206.2%20Ghanam%20Baraha.docx,,"Oct 31, 2023",,Active,
Baraha Source,TaittirIya SamhitA ghana pAtam — Kandam 6,TS 6.3 Ghana Paatam,https://vedavms.in/docs/Baraha/TSG/TS%206.3%20Ghanam%20Baraha.docx,,"Oct 31, 2023",,Active,
Baraha Source,TaittirIya SamhitA ghana pAtam — Kandam 6,TS 6.4 Ghana Paatam,https://vedavms.in/docs/Baraha/TSG/TS%206.4%20Ghanam%20Baraha.docx,,"Nov 30, 2023",,Active,
Baraha Source,TaittirIya SamhitA ghana pAtam — Kandam 6,TS 6.5 Ghana Paatam,https://vedavms.in/docs/Baraha/TSG/TS%206.5%20Ghanam%20Baraha.docx,,"Jan 31, 2024",,Active,
Baraha Source,TaittirIya SamhitA ghana pAtam — Kandam 6,TS 6.6 Ghana Paatam,https://vedavms.in/docs/Baraha/TSG/TS%206.6%20Ghanam%20Baraha.docx,,"Jan 31, 2024",,Active,
Baraha Source,TaittirIya SamhitA ghana pAtam — Kandam 7,TS 7.1 Ghana Paatam,https://vedavms.in/docs/Baraha/TSG/TS%207.1%20Ghanam%20Baraha.docx,,"Feb 29, 2024",,Active,
Baraha Source,TaittirIya SamhitA ghana pAtam — Kandam 7,TS 7.2 Ghana Paatam,https://vedavms.in/docs/Baraha/TSG/TS%207.2%20Ghanam%20Baraha.docx,,"Mar 31, 2024",,Active,
Baraha Source,TaittirIya SamhitA ghana pAtam — Kandam 7,TS 7.3 Ghana Paatam,https://vedavms.in/docs/Baraha/TSG/TS%207.3%20Ghanam%20Baraha.docx,,"Apr 30, 2024",,Active,
Baraha Source,TaittirIya SamhitA ghana pAtam — Kandam 7,TS 7.4 Ghana Paatam,https://vedavms.in/docs/Baraha/TSG/TS%207.4%20Ghanam%20Baraha.docx,,"May 31, 2024",,Active,
Baraha Source,TaittirIya SamhitA ghana pAtam — Kandam 7,TS 7.5 Ghana Paatam,https://vedavms.in/docs/Baraha/TSG/TS%207.5%20Ghanam%20Baraha.docx,,"May 31, 2024",,Active,
English,Vedic Books by Subject,1) Shanti Japam - English,https://vedavms.in/docs/English/Shanti%20Japam%20English.pdf,V0.0,"Feb 29, 2020",,Active,
English,Vedic Books by Subject,2) Udaka Shanti - English,https://vedavms.in/docs/English/Udaka%20Shanti%20English.pdf,V0.0,"Jun 30, 2019",,Active,
English,Vedic Books by Subject,3) TaittirIya Upanishad - English,https://vedavms.in/docs/English/Taittiriya%20Upanishad%20English.pdf,V1.0,"Dec 31, 2020",,Active,
TS Samhita Jatai,TaittirIya SamhitA jatA pAtam — Kandam 1,TS 1.1 Jatai Sanskrit,https://vedavms.in/docs/TSJ1/TS%201.1%20Jatai%20Sanskrit.pdf,,"Jun 30, 2026",https://vedavms.in/docs/TSJ1/TS%201.1%20Jatai%20Sanskrit%20Corrections.pdf,Active,
TS Samhita Jatai,TaittirIya SamhitA jatA pAtam — Kandam 1,TS 1.1 Jatai Tamil,https://vedavms.in/docs/TSJ1/TS%201.1%20Jatai%20Tamil.pdf,,"Jun 30, 2026",https://vedavms.in/docs/TSJ1/TS%201.1%20Jatai%20Tamil%20Corrections.pdf,Active,
TS Samhita Jatai,TaittirIya SamhitA jatA pAtam — Kandam 1,TS 1.1 Jatai Malayalam,https://vedavms.in/docs/TSJ1/TS%201.1%20Jatai%20Malayalam.pdf,,"Jun 30, 2026",https://vedavms.in/docs/TSJ1/TS%201.1%20Jatai%20Malayalam%20Corrections.pdf,Active,
TS Samhita Jatai,TaittirIya SamhitA jatA pAtam — Kandam 1,TS 1.2 Jatai Sanskrit,https://vedavms.in/docs/TSJ1/TS%201.2%20Jatai%20Sanskrit.pdf,,"Jun 30, 2026",https://vedavms.in/docs/TSJ1/TS%201.2%20Jatai%20Sanskrit%20Corrections.pdf,Active,
TS Samhita Jatai,TaittirIya SamhitA jatA pAtam — Kandam 1,TS 1.2 Jatai Tamil,https://vedavms.in/docs/TSJ1/TS%201.2%20Jatai%20Tamil.pdf,,"Jun 30, 2026",https://vedavms.in/docs/TSJ1/TS%201.2%20Jatai%20Tamil%20Corrections.pdf,Active,
TS Samhita Jatai,TaittirIya SamhitA jatA pAtam — Kandam 1,TS 1.2 Jatai Malayalam,https://vedavms.in/docs/TSJ1/TS%201.2%20Jatai%20Malayalam.pdf,,"Jun 30, 2026",https://vedavms.in/docs/TSJ1/TS%201.2%20Jatai%20Malayalam%20Corrections.pdf,Active,
TS Samhita Jatai,TaittirIya SamhitA jatA pAtam — Kandam 1,TS 1.3 Jatai Sanskrit,https://vedavms.in/docs/TSJ1/TS%201.3%20Jatai%20Sanskrit.pdf,,"Jun 30, 2026",https://vedavms.in/docs/TSJ1/TS%201.3%20Jatai%20Sanskrit%20Corrections.pdf,Active,
TS Samhita Jatai,TaittirIya SamhitA jatA pAtam — Kandam 1,TS 1.3 Jatai Tamil,https://vedavms.in/docs/TSJ1/TS%201.3%20Jatai%20Tamil.pdf,,"Jun 30, 2026",https://vedavms.in/docs/TSJ1/TS%201.3%20Jatai%20Tamil%20Corrections.pdf,Active,
TS Samhita Jatai,TaittirIya SamhitA jatA pAtam — Kandam 1,TS 1.3 Jatai Malayalam,https://vedavms.in/docs/TSJ1/TS%201.3%20Jatai%20Malayalam.pdf,,"Jun 30, 2026",https://vedavms.in/docs/TSJ1/TS%201.3%20Jatai%20Malayalam%20Corrections.pdf,Active,
TS Samhita Jatai,TaittirIya SamhitA jatA pAtam — Kandam 1,TS 1.4 Jatai Sanskrit,https://vedavms.in/docs/TSJ1/TS%201.4%20Jatai%20Sanskrit.pdf,,"Jun 30, 2026",https://vedavms.in/docs/TSJ1/TS%201.4%20Jatai%20Sanskrit%20Corrections.pdf,Active,
TS Samhita Jatai,TaittirIya SamhitA jatA pAtam — Kandam 1,TS 1.4 Jatai Tamil,https://vedavms.in/docs/TSJ1/TS%201.4%20Jatai%20Tamil.pdf,,"Jun 30, 2026",https://vedavms.in/docs/TSJ1/TS%201.4%20Jatai%20Tamil%20Corrections.pdf,Active,
TS Samhita Jatai,TaittirIya SamhitA jatA pAtam — Kandam 1,TS 1.4 Jatai Malayalam,https://vedavms.in/docs/TSJ1/TS%201.4%20Jatai%20Malayalam.pdf,,"Jun 30, 2026",https://vedavms.in/docs/TSJ1/TS%201.4%20Jatai%20Malayalam%20Corrections.pdf,Active,
TS Samhita Jatai,TaittirIya SamhitA jatA pAtam — Kandam 1,TS 1.5 Jatai Sanskrit,https://vedavms.in/docs/TSJ1/TS%201.5%20Jatai%20Sanskrit.pdf,,"Jun 30, 2026",https://vedavms.in/docs/TSJ1/TS%201.5%20Jatai%20Sanskrit%20Corrections.pdf,Active,
TS Samhita Jatai,TaittirIya SamhitA jatA pAtam — Kandam 1,TS 1.5 Jatai Tamil,https://vedavms.in/docs/TSJ1/TS%201.5%20Jatai%20Tamil.pdf,,"Jun 30, 2026",https://vedavms.in/docs/TSJ1/TS%201.5%20Jatai%20Tamil%20Corrections.pdf,Active,
TS Samhita Jatai,TaittirIya SamhitA jatA pAtam — Kandam 1,TS 1.5 Jatai Malayalam,https://vedavms.in/docs/TSJ1/TS%201.5%20Jatai%20Malayalam.pdf,,"Jun 30, 2026",https://vedavms.in/docs/TSJ1/TS%201.5%20Jatai%20Malayalam%20Corrections.pdf,Active,
TS Samhita Jatai,TaittirIya SamhitA jatA pAtam — Kandam 1,TS 1.6 Jatai Sanskrit,https://vedavms.in/docs/TSJ1/TS%201.6%20Jatai%20Sanskrit.pdf,,"Jun 30, 2026",https://vedavms.in/docs/TSJ1/TS%201.6%20Jatai%20Sanskrit%20Corrections.pdf,Active,
TS Samhita Jatai,TaittirIya SamhitA jatA pAtam — Kandam 1,TS 1.6 Jatai Tamil,https://vedavms.in/docs/TSJ1/TS%201.6%20Jatai%20Tamil.pdf,,"Jun 30, 2026",https://vedavms.in/docs/TSJ1/TS%201.6%20Jatai%20Tamil%20Corrections.pdf,Active,
TS Samhita Jatai,TaittirIya SamhitA jatA pAtam — Kandam 1,TS 1.6 Jatai Malayalam,https://vedavms.in/docs/TSJ1/TS%201.6%20Jatai%20Malayalam.pdf,,"Jun 30, 2026",https://vedavms.in/docs/TSJ1/TS%201.6%20Jatai%20Malayalam%20Corrections.pdf,Active,
TS Samhita Jatai,TaittirIya SamhitA jatA pAtam — Kandam 1,TS 1.7 Jatai Sanskrit,https://vedavms.in/docs/TSJ1/TS%201.7%20Jatai%20Sanskrit.pdf,,"Jun 30, 2026",https://vedavms.in/docs/TSJ1/TS%201.7%20Jatai%20Sanskrit%20Corrections.pdf,Active,
TS Samhita Jatai,TaittirIya SamhitA jatA pAtam — Kandam 1,TS 1.7 Jatai Tamil,https://vedavms.in/docs/TSJ1/TS%201.7%20Jatai%20Tamil.pdf,,"Jun 30, 2026",https://vedavms.in/docs/TSJ1/TS%201.7%20Jatai%20Tamil%20Corrections.pdf,Active,
TS Samhita Jatai,TaittirIya SamhitA jatA pAtam — Kandam 1,TS 1.7 Jatai Malayalam,https://vedavms.in/docs/TSJ1/TS%201.7%20Jatai%20Malayalam.pdf,,"Jun 30, 2026",https://vedavms.in/docs/TSJ1/TS%201.7%20Jatai%20Malayalam%20Corrections.pdf,Active,
TS Samhita Jatai,TaittirIya SamhitA jatA pAtam — Kandam 1,TS 1.8 Jatai Sanskrit,https://vedavms.in/docs/TSJ1/TS%201.8%20Jatai%20Sanskrit.pdf,,"Jun 30, 2026",https://vedavms.in/docs/TSJ1/TS%201.8%20Jatai%20Sanskrit%20Corrections.pdf,Active,
TS Samhita Jatai,TaittirIya SamhitA jatA pAtam — Kandam 1,TS 1.8 Jatai Tamil,https://vedavms.in/docs/TSJ1/TS%201.8%20Jatai%20Tamil.pdf,,"Jun 30, 2026",https://vedavms.in/docs/TSJ1/TS%201.8%20Jatai%20Tamil%20Corrections.pdf,Active,
TS Samhita Jatai,TaittirIya SamhitA jatA pAtam — Kandam 1,TS 1.8 Jatai Malayalam,https://vedavms.in/docs/TSJ1/TS%201.8%20Jatai%20Malayalam.pdf,,"Jun 30, 2026",https://vedavms.in/docs/TSJ1/TS%201.8%20Jatai%20Malayalam%20Corrections.pdf,Active,
TS Samhita Jatai,TaittirIya SamhitA jatA pAtam — Kandam 2,TS 2.1 Jatai Sanskrit,https://vedavms.in/docs/TSJ2/TS%202.1%20Jatai%20Sanskrit.pdf,,"Jul 31, 2026",https://vedavms.in/docs/TSJ2/TS%202.1%20Jatai%20Sanskrit%20Corrections.pdf,Active,
TS Samhita Jatai,TaittirIya SamhitA jatA pAtam — Kandam 2,TS 2.1 Jatai Tamil,https://vedavms.in/docs/TSJ2/TS%202.1%20Jatai%20Tamil.pdf,,"Jul 31, 2026",https://vedavms.in/docs/TSJ2/TS%202.1%20Jatai%20Tamil%20Corrections.pdf,Active,
TS Samhita Jatai,TaittirIya SamhitA jatA pAtam — Kandam 2,TS 2.1 Jatai Malayalam,https://vedavms.in/docs/TSJ2/TS%202.1%20Jatai%20Malayalam.pdf,,"Jul 31, 2026",https://vedavms.in/docs/TSJ2/TS%202.1%20Jatai%20Malayalam%20Corrections.pdf,Active,
TS Samhita Jatai,TaittirIya SamhitA jatA pAtam — Kandam 2,TS 2.2 Jatai Sanskrit,https://vedavms.in/docs/TSJ2/TS%202.2%20Jatai%20Sanskrit.pdf,,"Jul 31, 2026",https://vedavms.in/docs/TSJ2/TS%202.2%20Jatai%20Sanskrit%20Corrections.pdf,Active,
TS Samhita Jatai,TaittirIya SamhitA jatA pAtam — Kandam 2,TS 2.2 Jatai Tamil,https://vedavms.in/docs/TSJ2/TS%202.2%20Jatai%20Tamil.pdf,,"Jul 31, 2026",https://vedavms.in/docs/TSJ2/TS%202.2%20Jatai%20Tamil%20Corrections.pdf,Active,
TS Samhita Jatai,TaittirIya SamhitA jatA pAtam — Kandam 2,TS 2.2 Jatai Malayalam,https://vedavms.in/docs/TSJ2/TS%202.2%20Jatai%20Malayalam.pdf,,"Jul 31, 2026",https://vedavms.in/docs/TSJ2/TS%202.2%20Jatai%20Malayalam%20Corrections.pdf,Active,
TS Samhita Jatai,TaittirIya SamhitA jatA pAtam — Kandam 2,TS 2.3 Jatai Sanskrit,https://vedavms.in/docs/TSJ2/TS%202.3%20Jatai%20Sanskrit.pdf,,"Jul 31, 2026",https://vedavms.in/docs/TSJ2/TS%202.3%20Jatai%20Sanskrit%20Corrections.pdf,Active,
TS Samhita Jatai,TaittirIya SamhitA jatA pAtam — Kandam 2,TS 2.3 Jatai Tamil,https://vedavms.in/docs/TSJ2/TS%202.3%20Jatai%20Tamil.pdf,,"Jul 31, 2026",https://vedavms.in/docs/TSJ2/TS%202.3%20Jatai%20Tamil%20Corrections.pdf,Active,
TS Samhita Jatai,TaittirIya SamhitA jatA pAtam — Kandam 2,TS 2.3 Jatai Malayalam,https://vedavms.in/docs/TSJ2/TS%202.3%20Jatai%20Malayalam.pdf,,"Jul 31, 2026",https://vedavms.in/docs/TSJ2/TS%202.3%20Jatai%20Malayalam%20Corrections.pdf,Active,
TS Samhita Jatai,TaittirIya SamhitA jatA pAtam — Kandam 2,TS 2.4 Jatai Sanskrit,https://vedavms.in/docs/TSJ2/TS%202.4%20Jatai%20Sanskrit.pdf,,"Jul 31, 2026",https://vedavms.in/docs/TSJ2/TS%202.4%20Jatai%20Sanskrit%20Corrections.pdf,Active,
TS Samhita Jatai,TaittirIya SamhitA jatA pAtam — Kandam 2,TS 2.4 Jatai Tamil,https://vedavms.in/docs/TSJ2/TS%202.4%20Jatai%20Tamil.pdf,,"Jul 31, 2026",https://vedavms.in/docs/TSJ2/TS%202.4%20Jatai%20Tamil%20Corrections.pdf,Active,
TS Samhita Jatai,TaittirIya SamhitA jatA pAtam — Kandam 2,TS 2.4 Jatai Malayalam,https://vedavms.in/docs/TSJ2/TS%202.4%20Jatai%20Malayalam.pdf,,"Jul 31, 2026",https://vedavms.in/docs/TSJ2/TS%202.4%20Jatai%20Malayalam%20Corrections.pdf,Active,
TS Samhita Jatai,TaittirIya SamhitA jatA pAtam — Kandam 2,TS 2.5 Jatai Sanskrit,https://vedavms.in/docs/TSJ2/TS%202.5%20Jatai%20Sanskrit.pdf,,"Jul 31, 2026",https://vedavms.in/docs/TSJ2/TS%202.5%20Jatai%20Sanskrit%20Corrections.pdf,Active,
TS Samhita Jatai,TaittirIya SamhitA jatA pAtam — Kandam 2,TS 2.5 Jatai Tamil,https://vedavms.in/docs/TSJ2/TS%202.5%20Jatai%20Tamil.pdf,,"Jul 31, 2026",https://vedavms.in/docs/TSJ2/TS%202.5%20Jatai%20Tamil%20Corrections.pdf,Active,
TS Samhita Jatai,TaittirIya SamhitA jatA pAtam — Kandam 2,TS 2.5 Jatai Malayalam,https://vedavms.in/docs/TSJ2/TS%202.5%20Jatai%20Malayalam.pdf,,"Jul 31, 2026",https://vedavms.in/docs/TSJ2/TS%202.5%20Jatai%20Malayalam%20Corrections.pdf,Active,
TS Samhita Jatai,TaittirIya SamhitA jatA pAtam — Kandam 2,TS 2.6 Jatai Sanskrit,https://vedavms.in/docs/TSJ2/TS%202.6%20Jatai%20Sanskrit.pdf,,"Jul 31, 2026",https://vedavms.in/docs/TSJ2/TS%202.6%20Jatai%20Sanskrit%20Corrections.pdf,Active,
TS Samhita Jatai,TaittirIya SamhitA jatA pAtam — Kandam 2,TS 2.6 Jatai Tamil,https://vedavms.in/docs/TSJ2/TS%202.6%20Jatai%20Tamil.pdf,,"Jul 31, 2026",https://vedavms.in/docs/TSJ2/TS%202.6%20Jatai%20Tamil%20Corrections.pdf,Active,
TS Samhita Jatai,TaittirIya SamhitA jatA pAtam — Kandam 2,TS 2.6 Jatai Malayalam,https://vedavms.in/docs/TSJ2/TS%202.6%20Jatai%20Malayalam.pdf,,"Jul 31, 2026",https://vedavms.in/docs/TSJ2/TS%202.6%20Jatai%20Malayalam%20Corrections.pdf,Active,
TS Samhita Jatai,TaittirIya SamhitA jatA pAtam — Kandam 3,TS 3.1 Jatai Sanskrit,https://vedavms.in/docs/TSJ3/TS%203.1%20Jatai%20Sanskrit.pdf,,"Oct 31, 2023",https://vedavms.in/docs/TSJ3/TS%203.1%20Jatai%20Sanskrit%20Corrections.pdf,Active,
TS Samhita Jatai,TaittirIya SamhitA jatA pAtam — Kandam 3,TS 3.1 Jatai Tamil,https://vedavms.in/docs/TSJ3/TS%203.1%20Jatai%20Tamil.pdf,,"Oct 31, 2023",https://vedavms.in/docs/TSJ3/TS%203.1%20Jatai%20Tamil%20Corrections.pdf,Active,
TS Samhita Jatai,TaittirIya SamhitA jatA pAtam — Kandam 3,TS 3.1 Jatai Malayalam,https://vedavms.in/docs/TSJ3/TS%203.1%20Jatai%20Malayalam.pdf,,"Oct 31, 2023",https://vedavms.in/docs/TSJ3/TS%203.1%20Jatai%20Malayalam%20Corrections.pdf,Active,
TS Samhita Jatai,TaittirIya SamhitA jatA pAtam — Kandam 3,TS 3.2 Jatai Sanskrit,https://vedavms.in/docs/TSJ3/TS%203.2%20Jatai%20Sanskrit.pdf,,"Oct 31, 2023",https://vedavms.in/docs/TSJ3/TS%203.2%20Jatai%20Sanskrit%20Corrections.pdf,Active,
TS Samhita Jatai,TaittirIya SamhitA jatA pAtam — Kandam 3,TS 3.2 Jatai Tamil,https://vedavms.in/docs/TSJ3/TS%203.2%20Jatai%20Tamil.pdf,,"Oct 31, 2023",https://vedavms.in/docs/TSJ3/TS%203.2%20Jatai%20Tamil%20Corrections.pdf,Active,
TS Samhita Jatai,TaittirIya SamhitA jatA pAtam — Kandam 3,TS 3.2 Jatai Malayalam,https://vedavms.in/docs/TSJ3/TS%203.2%20Jatai%20Malayalam.pdf,,"Oct 31, 2023",https://vedavms.in/docs/TSJ3/TS%203.2%20Jatai%20Malayalam%20Corrections.pdf,Active,
TS Samhita Jatai,TaittirIya SamhitA jatA pAtam — Kandam 3,TS 3.3 Jatai Sanskrit,https://vedavms.in/docs/TSJ3/TS%203.3%20Jatai%20Sanskrit.pdf,,"Nov 30, 2023",https://vedavms.in/docs/TSJ3/TS%203.3%20Jatai%20Sanskrit%20Corrections.pdf,Active,
TS Samhita Jatai,TaittirIya SamhitA jatA pAtam — Kandam 3,TS 3.3 Jatai Tamil,https://vedavms.in/docs/TSJ3/TS%203.3%20Jatai%20Tamil.pdf,,"Nov 30, 2023",https://vedavms.in/docs/TSJ3/TS%203.3%20Jatai%20Tamil%20Corrections.pdf,Active,
TS Samhita Jatai,TaittirIya SamhitA jatA pAtam — Kandam 3,TS 3.3 Jatai Malayalam,https://vedavms.in/docs/TSJ3/TS%203.3%20Jatai%20Malayalam.pdf,,"Nov 30, 2023",https://vedavms.in/docs/TSJ3/TS%203.3%20Jatai%20Malayalam%20Corrections.pdf,Active,
TS Samhita Jatai,TaittirIya SamhitA jatA pAtam — Kandam 3,TS 3.4 Jatai Sanskrit,https://vedavms.in/docs/TSJ3/TS%203.4%20Jatai%20Sanskrit.pdf,,"Jan 31, 2024",https://vedavms.in/docs/TSJ3/TS%203.4%20Jatai%20Sanskrit%20Corrections.pdf,Active,
TS Samhita Jatai,TaittirIya SamhitA jatA pAtam — Kandam 3,TS 3.4 Jatai Tamil,https://vedavms.in/docs/TSJ3/TS%203.4%20Jatai%20Tamil.pdf,,"Jan 31, 2024",https://vedavms.in/docs/TSJ3/TS%203.4%20Jatai%20Tamil%20Corrections.pdf,Active,
TS Samhita Jatai,TaittirIya SamhitA jatA pAtam — Kandam 3,TS 3.4 Jatai Malayalam,https://vedavms.in/docs/TSJ3/TS%203.4%20Jatai%20Malayalam.pdf,,"Jan 31, 2024",https://vedavms.in/docs/TSJ3/TS%203.4%20Jatai%20Malayalam%20Corrections.pdf,Active,
TS Samhita Jatai,TaittirIya SamhitA jatA pAtam — Kandam 3,TS 3.5 Jatai Sanskrit,https://vedavms.in/docs/TSJ3/TS%203.5%20Jatai%20Sanskrit.pdf,,"Feb 29, 2024",https://vedavms.in/docs/TSJ3/TS%203.5%20Jatai%20Sanskrit%20Corrections.pdf,Active,
TS Samhita Jatai,TaittirIya SamhitA jatA pAtam — Kandam 3,TS 3.5 Jatai Tamil,https://vedavms.in/docs/TSJ3/TS%203.5%20Jatai%20Tamil.pdf,,"Feb 29, 2024",https://vedavms.in/docs/TSJ3/TS%203.5%20Jatai%20Tamil%20Corrections.pdf,Active,
TS Samhita Jatai,TaittirIya SamhitA jatA pAtam — Kandam 3,TS 3.5 Jatai Malayalam,https://vedavms.in/docs/TSJ3/TS%203.5%20Jatai%20Malayalam.pdf,,"Feb 29, 2024",https://vedavms.in/docs/TSJ3/TS%203.5%20Jatai%20Malayalam%20Corrections.pdf,Active,
TS Samhita Jatai,TaittirIya SamhitA jatA pAtam — Kandam 4,TS 4.1 Jatai Sanskrit,https://vedavms.in/docs/TSJ4/TS%204.1%20Jatai%20Sanskrit.pdf,,"Feb 29, 2024",https://vedavms.in/docs/TSJ4/TS%204.1%20Jatai%20Sanskrit%20Corrections.pdf,Active,
TS Samhita Jatai,TaittirIya SamhitA jatA pAtam — Kandam 4,TS 4.1 Jatai Tamil,https://vedavms.in/docs/TSJ4/TS%204.1%20Jatai%20Tamil.pdf,,"Feb 29, 2024",https://vedavms.in/docs/TSJ4/TS%204.1%20Jatai%20Tamil%20Corrections.pdf,Active,
TS Samhita Jatai,TaittirIya SamhitA jatA pAtam — Kandam 4,TS 4.1 Jatai Malayalam,https://vedavms.in/docs/TSJ4/TS%204.1%20Jatai%20Malayalam.pdf,,"Feb 29, 2024",https://vedavms.in/docs/TSJ4/TS%204.1%20Jatai%20Malayalam%20Corrections.pdf,Active,
TS Samhita Jatai,TaittirIya SamhitA jatA pAtam — Kandam 4,TS 4.2 Jatai Sanskrit,https://vedavms.in/docs/TSJ4/TS%204.2%20Jatai%20Sanskrit.pdf,,"Mar 31, 2024",https://vedavms.in/docs/TSJ4/TS%204.2%20Jatai%20Sanskrit%20Corrections.pdf,Active,
TS Samhita Jatai,TaittirIya SamhitA jatA pAtam — Kandam 4,TS 4.2 Jatai Tamil,https://vedavms.in/docs/TSJ4/TS%204.2%20Jatai%20Tamil.pdf,,"Mar 31, 2024",https://vedavms.in/docs/TSJ4/TS%204.2%20Jatai%20Tamil%20Corrections.pdf,Active,
TS Samhita Jatai,TaittirIya SamhitA jatA pAtam — Kandam 4,TS 4.2 Jatai Malayalam,https://vedavms.in/docs/TSJ4/TS%204.2%20Jatai%20Malayalam.pdf,,"Mar 31, 2024",https://vedavms.in/docs/TSJ4/TS%204.2%20Jatai%20Malayalam%20Corrections.pdf,Active,
TS Samhita Jatai,TaittirIya SamhitA jatA pAtam — Kandam 4,TS 4.3 Jatai Sanskrit,https://vedavms.in/docs/TSJ4/TS%204.3%20Jatai%20Sanskrit.pdf,,"Mar 31, 2024",https://vedavms.in/docs/TSJ4/TS%204.3%20Jatai%20Sanskrit%20Corrections.pdf,Active,
TS Samhita Jatai,TaittirIya SamhitA jatA pAtam — Kandam 4,TS 4.3 Jatai Tamil,https://vedavms.in/docs/TSJ4/TS%204.3%20Jatai%20Tamil.pdf,,"Mar 31, 2024",https://vedavms.in/docs/TSJ4/TS%204.3%20Jatai%20Tamil%20Corrections.pdf,Active,
TS Samhita Jatai,TaittirIya SamhitA jatA pAtam — Kandam 4,TS 4.3 Jatai Malayalam,https://vedavms.in/docs/TSJ4/TS%204.3%20Jatai%20Malayalam.pdf,,"Mar 31, 2024",https://vedavms.in/docs/TSJ4/TS%204.3%20Jatai%20Malayalam%20Corrections.pdf,Active,
TS Samhita Jatai,TaittirIya SamhitA jatA pAtam — Kandam 4,TS 4.4 Jatai Sanskrit,https://vedavms.in/docs/TSJ4/TS%204.4%20Jatai%20Sanskrit.pdf,,"Apr 30, 2024",https://vedavms.in/docs/TSJ4/TS%204.4%20Jatai%20Sanskrit%20Corrections.pdf,Active,
TS Samhita Jatai,TaittirIya SamhitA jatA pAtam — Kandam 4,TS 4.4 Jatai Tamil,https://vedavms.in/docs/TSJ4/TS%204.4%20Jatai%20Tamil.pdf,,"Apr 30, 2024",https://vedavms.in/docs/TSJ4/TS%204.4%20Jatai%20Tamil%20Corrections.pdf,Active,
TS Samhita Jatai,TaittirIya SamhitA jatA pAtam — Kandam 4,TS 4.4 Jatai Malayalam,https://vedavms.in/docs/TSJ4/TS%204.4%20Jatai%20Malayalam.pdf,,"Apr 30, 2024",https://vedavms.in/docs/TSJ4/TS%204.4%20Jatai%20Malayalam%20Corrections.pdf,Active,
TS Samhita Jatai,TaittirIya SamhitA jatA pAtam — Kandam 4,TS 4.5 Jatai Sanskrit,https://vedavms.in/docs/TSJ4/TS%204.5%20Jatai%20Sanskrit.pdf,,"Apr 30, 2024",https://vedavms.in/docs/TSJ4/TS%204.5%20Jatai%20Sanskrit%20Corrections.pdf,Active,
TS Samhita Jatai,TaittirIya SamhitA jatA pAtam — Kandam 4,TS 4.5 Jatai Tamil,https://vedavms.in/docs/TSJ4/TS%204.5%20Jatai%20Tamil.pdf,,"Apr 30, 2024",https://vedavms.in/docs/TSJ4/TS%204.5%20Jatai%20Tamil%20Corrections.pdf,Active,
TS Samhita Jatai,TaittirIya SamhitA jatA pAtam — Kandam 4,TS 4.5 Jatai Malayalam,https://vedavms.in/docs/TSJ4/TS%204.5%20Jatai%20Malayalam.pdf,,"Apr 30, 2024",https://vedavms.in/docs/TSJ4/TS%204.5%20Jatai%20Malayalam%20Corrections.pdf,Active,
TS Samhita Jatai,TaittirIya SamhitA jatA pAtam — Kandam 4,TS 4.6 Jatai Sanskrit,https://vedavms.in/docs/TSJ4/TS%204.6%20Jatai%20Sanskrit.pdf,,"May 31, 2024",https://vedavms.in/docs/TSJ4/TS%204.6%20Jatai%20Sanskrit%20Corrections.pdf,Active,
TS Samhita Jatai,TaittirIya SamhitA jatA pAtam — Kandam 4,TS 4.6 Jatai Tamil,https://vedavms.in/docs/TSJ4/TS%204.6%20Jatai%20Tamil.pdf,,"May 31, 2024",https://vedavms.in/docs/TSJ4/TS%204.6%20Jatai%20Tamil%20Corrections.pdf,Active,
TS Samhita Jatai,TaittirIya SamhitA jatA pAtam — Kandam 4,TS 4.6 Jatai Malayalam,https://vedavms.in/docs/TSJ4/TS%204.6%20Jatai%20Malayalam.pdf,,"May 31, 2024",https://vedavms.in/docs/TSJ4/TS%204.6%20Jatai%20Malayalam%20Corrections.pdf,Active,
TS Samhita Jatai,TaittirIya SamhitA jatA pAtam — Kandam 4,TS 4.7 Jatai Sanskrit,https://vedavms.in/docs/TSJ4/TS%204.7%20Jatai%20Sanskrit.pdf,,"May 31, 2024",https://vedavms.in/docs/TSJ4/TS%204.7%20Jatai%20Sanskrit%20Corrections.pdf,Active,
TS Samhita Jatai,TaittirIya SamhitA jatA pAtam — Kandam 4,TS 4.7 Jatai Tamil,https://vedavms.in/docs/TSJ4/TS%204.7%20Jatai%20Tamil.pdf,,"May 31, 2024",https://vedavms.in/docs/TSJ4/TS%204.7%20Jatai%20Tamil%20Corrections.pdf,Active,
TS Samhita Jatai,TaittirIya SamhitA jatA pAtam — Kandam 4,TS 4.7 Jatai Malayalam,https://vedavms.in/docs/TSJ4/TS%204.7%20Jatai%20Malayalam.pdf,,"May 31, 2024",https://vedavms.in/docs/TSJ4/TS%204.7%20Jatai%20Malayalam%20Corrections.pdf,Active,
TS Samhita Jatai,TaittirIya SamhitA jatA pAtam — Kandam 5,TS 5.1 Jatai Sanskrit,https://vedavms.in/docs/TSJ5/TS%205.1%20Jatai%20Sanskrit.pdf,,"Jun 30, 2024",https://vedavms.in/docs/TSJ5/TS%205.1%20Jatai%20Sanskrit%20Corrections.pdf,Active,
TS Samhita Jatai,TaittirIya SamhitA jatA pAtam — Kandam 5,TS 5.1 Jatai Tamil,https://vedavms.in/docs/TSJ5/TS%205.1%20Jatai%20Tamil.pdf,,"Jun 30, 2024",https://vedavms.in/docs/TSJ5/TS%205.1%20Jatai%20Tamil%20Corrections.pdf,Active,
TS Samhita Jatai,TaittirIya SamhitA jatA pAtam — Kandam 5,TS 5.1 Jatai Malayalam,https://vedavms.in/docs/TSJ5/TS%205.1%20Jatai%20Malayalam.pdf,,"Jun 30, 2024",https://vedavms.in/docs/TSJ5/TS%205.1%20Jatai%20Malayalam%20Corrections.pdf,Active,
TS Samhita Jatai,TaittirIya SamhitA jatA pAtam — Kandam 5,TS 5.2 Jatai Sanskrit,https://vedavms.in/docs/TSJ5/TS%205.2%20Jatai%20Sanskrit.pdf,,"Jul 31, 2024",https://vedavms.in/docs/TSJ5/TS%205.2%20Jatai%20Sanskrit%20Corrections.pdf,Active,
TS Samhita Jatai,TaittirIya SamhitA jatA pAtam — Kandam 5,TS 5.2 Jatai Tamil,https://vedavms.in/docs/TSJ5/TS%205.2%20Jatai%20Tamil.pdf,,"Jul 31, 2024",https://vedavms.in/docs/TSJ5/TS%205.2%20Jatai%20Tamil%20Corrections.pdf,Active,
TS Samhita Jatai,TaittirIya SamhitA jatA pAtam — Kandam 5,TS 5.2 Jatai Malayalam,https://vedavms.in/docs/TSJ5/TS%205.2%20Jatai%20Malayalam.pdf,,"Jul 31, 2024",https://vedavms.in/docs/TSJ5/TS%205.2%20Jatai%20Malayalam%20Corrections.pdf,Active,
TS Samhita Jatai,TaittirIya SamhitA jatA pAtam — Kandam 5,TS 5.3 Jatai Sanskrit,https://vedavms.in/docs/TSJ5/TS%205.3%20Jatai%20Sanskrit.pdf,,"Sep 30, 2024",https://vedavms.in/docs/TSJ5/TS%205.3%20Jatai%20Sanskrit%20Corrections.pdf,Active,
TS Samhita Jatai,TaittirIya SamhitA jatA pAtam — Kandam 5,TS 5.3 Jatai Tamil,https://vedavms.in/docs/TSJ5/TS%205.3%20Jatai%20Tamil.pdf,,"Sep 30, 2024",https://vedavms.in/docs/TSJ5/TS%205.3%20Jatai%20Tamil%20Corrections.pdf,Active,
TS Samhita Jatai,TaittirIya SamhitA jatA pAtam — Kandam 5,TS 5.3 Jatai Malayalam,https://vedavms.in/docs/TSJ5/TS%205.3%20Jatai%20Malayalam.pdf,,"Sep 30, 2024",https://vedavms.in/docs/TSJ5/TS%205.3%20Jatai%20Malayalam%20Corrections.pdf,Active,
TS Samhita Jatai,TaittirIya SamhitA jatA pAtam — Kandam 5,TS 5.4 Jatai Sanskrit,https://vedavms.in/docs/TSJ5/TS%205.4%20Jatai%20Sanskrit.pdf,,"Oct 31, 2024",https://vedavms.in/docs/TSJ5/TS%205.4%20Jatai%20Sanskrit%20Corrections.pdf,Active,
TS Samhita Jatai,TaittirIya SamhitA jatA pAtam — Kandam 5,TS 5.4 Jatai Tamil,https://vedavms.in/docs/TSJ5/TS%205.4%20Jatai%20Tamil.pdf,,"Oct 31, 2024",https://vedavms.in/docs/TSJ5/TS%205.4%20Jatai%20Tamil%20Corrections.pdf,Active,
TS Samhita Jatai,TaittirIya SamhitA jatA pAtam — Kandam 5,TS 5.4 Jatai Malayalam,https://vedavms.in/docs/TSJ5/TS%205.4%20Jatai%20Malayalam.pdf,,"Oct 31, 2024",https://vedavms.in/docs/TSJ5/TS%205.4%20Jatai%20Malayalam%20Corrections.pdf,Active,
TS Samhita Jatai,TaittirIya SamhitA jatA pAtam — Kandam 5,TS 5.5 Jatai Sanskrit,https://vedavms.in/docs/TSJ5/TS%205.5%20Jatai%20Sanskrit.pdf,,"Nov 30, 2024",https://vedavms.in/docs/TSJ5/TS%205.5%20Jatai%20Sanskrit%20Corrections.pdf,Active,
TS Samhita Jatai,TaittirIya SamhitA jatA pAtam — Kandam 5,TS 5.5 Jatai Tamil,https://vedavms.in/docs/TSJ5/TS%205.5%20Jatai%20Tamil.pdf,,"Nov 30, 2024",https://vedavms.in/docs/TSJ5/TS%205.5%20Jatai%20Tamil%20Corrections.pdf,Active,
TS Samhita Jatai,TaittirIya SamhitA jatA pAtam — Kandam 5,TS 5.5 Jatai Malayalam,https://vedavms.in/docs/TSJ5/TS%205.5%20Jatai%20Malayalam.pdf,,"Nov 30, 2024",https://vedavms.in/docs/TSJ5/TS%205.5%20Jatai%20Malayalam%20Corrections.pdf,Active,
TS Samhita Jatai,TaittirIya SamhitA jatA pAtam — Kandam 5,TS 5.6 Jatai Sanskrit,https://vedavms.in/docs/TSJ5/TS%205.6%20Jatai%20Sanskrit.pdf,,"Mar 31, 2025",https://vedavms.in/docs/TSJ5/TS%205.6%20Jatai%20Sanskrit%20Corrections.pdf,Active,
TS Samhita Jatai,TaittirIya SamhitA jatA pAtam — Kandam 5,TS 5.6 Jatai Tamil,https://vedavms.in/docs/TSJ5/TS%205.6%20Jatai%20Tamil.pdf,,"Mar 31, 2025",https://vedavms.in/docs/TSJ5/TS%205.6%20Jatai%20Tamil%20Corrections.pdf,Active,
TS Samhita Jatai,TaittirIya SamhitA jatA pAtam — Kandam 5,TS 5.6 Jatai Malayalam,https://vedavms.in/docs/TSJ5/TS%205.6%20Jatai%20Malayalam.pdf,,"Mar 31, 2025",https://vedavms.in/docs/TSJ5/TS%205.6%20Jatai%20Malayalam%20Corrections.pdf,Active,
TS Samhita Jatai,TaittirIya SamhitA jatA pAtam — Kandam 5,TS 5.7 Jatai Sanskrit,https://vedavms.in/docs/TSJ5/TS%205.7%20Jatai%20Sanskrit.pdf,,"Apr 30, 2025",https://vedavms.in/docs/TSJ5/TS%205.7%20Jatai%20Sanskrit%20Corrections.pdf,Active,
TS Samhita Jatai,TaittirIya SamhitA jatA pAtam — Kandam 5,TS 5.7 Jatai Tamil,https://vedavms.in/docs/TSJ5/TS%205.7%20Jatai%20Tamil.pdf,,"Apr 30, 2025",https://vedavms.in/docs/TSJ5/TS%205.7%20Jatai%20Tamil%20Corrections.pdf,Active,
TS Samhita Jatai,TaittirIya SamhitA jatA pAtam — Kandam 5,TS 5.7 Jatai Malayalam,https://vedavms.in/docs/TSJ5/TS%205.7%20Jatai%20Malayalam.pdf,,"Apr 30, 2025",https://vedavms.in/docs/TSJ5/TS%205.7%20Jatai%20Malayalam%20Corrections.pdf,Active,
TS Samhita Jatai,TaittirIya SamhitA jatA pAtam — Kandam 6,TS 6.1 Jatai Sanskrit,https://vedavms.in/docs/TSJ6/TS%206.1%20Jatai%20Sanskrit.pdf,,"May 31, 2025",https://vedavms.in/docs/TSJ6/TS%206.1%20Jatai%20Sanskrit%20Corrections.pdf,Active,
TS Samhita Jatai,TaittirIya SamhitA jatA pAtam — Kandam 6,TS 6.1 Jatai Tamil,https://vedavms.in/docs/TSJ6/TS%206.1%20Jatai%20Tamil.pdf,,"May 31, 2025",https://vedavms.in/docs/TSJ6/TS%206.1%20Jatai%20Tamil%20Corrections.pdf,Active,
TS Samhita Jatai,TaittirIya SamhitA jatA pAtam — Kandam 6,TS 6.1 Jatai Malayalam,https://vedavms.in/docs/TSJ6/TS%206.1%20Jatai%20Malayalam.pdf,,"May 31, 2025",https://vedavms.in/docs/TSJ6/TS%206.1%20Jatai%20Malayalam%20Corrections.pdf,Active,
TS Samhita Jatai,TaittirIya SamhitA jatA pAtam — Kandam 6,TS 6.2 Jatai Sanskrit,https://vedavms.in/docs/TSJ6/TS%206.2%20Jatai%20Sanskrit.pdf,,"Jul 31, 2025",https://vedavms.in/docs/TSJ6/TS%206.2%20Jatai%20Sanskrit%20Corrections.pdf,Active,
TS Samhita Jatai,TaittirIya SamhitA jatA pAtam — Kandam 6,TS 6.2 Jatai Tamil,https://vedavms.in/docs/TSJ6/TS%206.2%20Jatai%20Tamil.pdf,,"Jul 31, 2025",https://vedavms.in/docs/TSJ6/TS%206.2%20Jatai%20Tamil%20Corrections.pdf,Active,
TS Samhita Jatai,TaittirIya SamhitA jatA pAtam — Kandam 6,TS 6.2 Jatai Malayalam,https://vedavms.in/docs/TSJ6/TS%206.2%20Jatai%20Malayalam.pdf,,"Jul 31, 2025",https://vedavms.in/docs/TSJ6/TS%206.2%20Jatai%20Malayalam%20Corrections.pdf,Active,
TS Samhita Jatai,TaittirIya SamhitA jatA pAtam — Kandam 6,TS 6.3 Jatai Sanskrit,https://vedavms.in/docs/TSJ6/TS%206.3%20Jatai%20Sanskrit.pdf,,"Sep 30, 2025",https://vedavms.in/docs/TSJ6/TS%206.3%20Jatai%20Sanskrit%20Corrections.pdf,Active,
TS Samhita Jatai,TaittirIya SamhitA jatA pAtam — Kandam 6,TS 6.3 Jatai Tamil,https://vedavms.in/docs/TSJ6/TS%206.3%20Jatai%20Tamil.pdf,,"Sep 30, 2025",https://vedavms.in/docs/TSJ6/TS%206.3%20Jatai%20Tamil%20Corrections.pdf,Active,
TS Samhita Jatai,TaittirIya SamhitA jatA pAtam — Kandam 6,TS 6.3 Jatai Malayalam,https://vedavms.in/docs/TSJ6/TS%206.3%20Jatai%20Malayalam.pdf,,"Sep 30, 2025",https://vedavms.in/docs/TSJ6/TS%206.3%20Jatai%20Malayalam%20Corrections.pdf,Active,
TS Samhita Jatai,TaittirIya SamhitA jatA pAtam — Kandam 6,TS 6.4 Jatai Sanskrit,https://vedavms.in/docs/TSJ6/TS%206.4%20Jatai%20Sanskrit.pdf,,"Jan 31, 2026",https://vedavms.in/docs/TSJ6/TS%206.4%20Jatai%20Sanskrit%20Corrections.pdf,Active,
TS Samhita Jatai,TaittirIya SamhitA jatA pAtam — Kandam 6,TS 6.4 Jatai Tamil,https://vedavms.in/docs/TSJ6/TS%206.4%20Jatai%20Tamil.pdf,,"Jan 31, 2026",https://vedavms.in/docs/TSJ6/TS%206.4%20Jatai%20Tamil%20Corrections.pdf,Active,
TS Samhita Jatai,TaittirIya SamhitA jatA pAtam — Kandam 6,TS 6.4 Jatai Malayalam,https://vedavms.in/docs/TSJ6/TS%206.4%20Jatai%20Malayalam.pdf,,"Jan 31, 2026",https://vedavms.in/docs/TSJ6/TS%206.4%20Jatai%20Malayalam%20Corrections.pdf,Active,
TS Samhita Jatai,TaittirIya SamhitA jatA pAtam — Kandam 6,TS 6.5 Jatai Sanskrit,https://vedavms.in/docs/TSJ6/TS%206.5%20Jatai%20Sanskrit.pdf,,"Feb 28, 2026",https://vedavms.in/docs/TSJ6/TS%206.5%20Jatai%20Sanskrit%20Corrections.pdf,Active,
TS Samhita Jatai,TaittirIya SamhitA jatA pAtam — Kandam 6,TS 6.5 Jatai Tamil,https://vedavms.in/docs/TSJ6/TS%206.5%20Jatai%20Tamil.pdf,,"Feb 28, 2026",https://vedavms.in/docs/TSJ6/TS%206.5%20Jatai%20Tamil%20Corrections.pdf,Active,
TS Samhita Jatai,TaittirIya SamhitA jatA pAtam — Kandam 6,TS 6.5 Jatai Malayalam,https://vedavms.in/docs/TSJ6/TS%206.5%20Jatai%20Malayalam.pdf,,"Feb 28, 2026",https://vedavms.in/docs/TSJ6/TS%206.5%20Jatai%20Malayalam%20Corrections.pdf,Active,
TS Samhita Jatai,TaittirIya SamhitA jatA pAtam — Kandam 6,TS 6.6 Jatai Sanskrit,https://vedavms.in/docs/TSJ6/TS%206.6%20Jatai%20Sanskrit.pdf,,"Apr 30, 2026",https://vedavms.in/docs/TSJ6/TS%206.6%20Jatai%20Sanskrit%20Corrections.pdf,Active,
TS Samhita Jatai,TaittirIya SamhitA jatA pAtam — Kandam 6,TS 6.6 Jatai Tamil,https://vedavms.in/docs/TSJ6/TS%206.6%20Jatai%20Tamil.pdf,,"Apr 30, 2026",https://vedavms.in/docs/TSJ6/TS%206.6%20Jatai%20Tamil%20Corrections.pdf,Active,
TS Samhita Jatai,TaittirIya SamhitA jatA pAtam — Kandam 6,TS 6.6 Jatai Malayalam,https://vedavms.in/docs/TSJ6/TS%206.6%20Jatai%20Malayalam.pdf,,"Apr 30, 2026",https://vedavms.in/docs/TSJ6/TS%206.6%20Jatai%20Malayalam%20Corrections.pdf,Active,
TS Samhita Jatai,TaittirIya SamhitA jatA pAtam — Kandam 7,TS 7.1 Jatai Sanskrit,https://vedavms.in/docs/TSJ7/TS%207.1%20Jatai%20Sanskrit.pdf,,"May 31, 2026",https://vedavms.in/docs/TSJ7/TS%207.1%20Jatai%20Sanskrit%20Corrections.pdf,Active,
TS Samhita Jatai,TaittirIya SamhitA jatA pAtam — Kandam 7,TS 7.1 Jatai Tamil,https://vedavms.in/docs/TSJ7/TS%207.1%20Jatai%20Tamil.pdf,,"May 31, 2026",https://vedavms.in/docs/TSJ7/TS%207.1%20Jatai%20Tamil%20Corrections.pdf,Active,
TS Samhita Jatai,TaittirIya SamhitA jatA pAtam — Kandam 7,TS 7.1 Jatai Malayalam,https://vedavms.in/docs/TSJ7/TS%207.1%20Jatai%20Malayalam.pdf,,"May 31, 2026",https://vedavms.in/docs/TSJ7/TS%207.1%20Jatai%20Malayalam%20Corrections.pdf,Active,
TS Samhita Jatai,TaittirIya SamhitA jatA pAtam — Kandam 7,TS 7.2 Jatai Sanskrit,https://vedavms.in/docs/TSJ7/TS%207.2%20Jatai%20Sanskrit.pdf,,"Jun 30, 2026",https://vedavms.in/docs/TSJ7/TS%207.2%20Jatai%20Sanskrit%20Corrections.pdf,Active,
TS Samhita Jatai,TaittirIya SamhitA jatA pAtam — Kandam 7,TS 7.2 Jatai Tamil,https://vedavms.in/docs/TSJ7/TS%207.2%20Jatai%20Tamil.pdf,,"Jun 30, 2026",https://vedavms.in/docs/TSJ7/TS%207.2%20Jatai%20Tamil%20Corrections.pdf,Active,
TS Samhita Jatai,TaittirIya SamhitA jatA pAtam — Kandam 7,TS 7.2 Jatai Malayalam,https://vedavms.in/docs/TSJ7/TS%207.2%20Jatai%20Malayalam.pdf,,"Jun 30, 2026",https://vedavms.in/docs/TSJ7/TS%207.2%20Jatai%20Malayalam%20Corrections.pdf,Active,
TS Samhita Jatai,TaittirIya SamhitA jatA pAtam — Kandam 7,TS 7.3 Jatai Sanskrit,https://vedavms.in/docs/TSJ7/TS%207.3%20Jatai%20Sanskrit.pdf,,"Jul 31, 2026",https://vedavms.in/docs/TSJ7/TS%207.3%20Jatai%20Sanskrit%20Corrections.pdf,Active,
TS Samhita Jatai,TaittirIya SamhitA jatA pAtam — Kandam 7,TS 7.3 Jatai Tamil,https://vedavms.in/docs/TSJ7/TS%207.3%20Jatai%20Tamil.pdf,,"Jul 31, 2026",https://vedavms.in/docs/TSJ7/TS%207.3%20Jatai%20Tamil%20Corrections.pdf,Active,
TS Samhita Jatai,TaittirIya SamhitA jatA pAtam — Kandam 7,TS 7.3 Jatai Malayalam,https://vedavms.in/docs/TSJ7/TS%207.3%20Jatai%20Malayalam.pdf,,"Jul 31, 2026",https://vedavms.in/docs/TSJ7/TS%207.3%20Jatai%20Malayalam%20Corrections.pdf,Active,
TS Samhita Jatai,TaittirIya SamhitA jatA pAtam — Kandam 7,TS 7.4 Jatai Sanskrit,https://vedavms.in/docs/TSJ7/TS%207.4%20Jatai%20Sanskrit.pdf,,"May 31, 2024",,Active,
TS Samhita Jatai,TaittirIya SamhitA jatA pAtam — Kandam 7,TS 7.4 Jatai Tamil,https://vedavms.in/docs/TSJ7/TS%207.4%20Jatai%20Tamil.pdf,,"May 31, 2024",,Active,
TS Samhita Jatai,TaittirIya SamhitA jatA pAtam — Kandam 7,TS 7.4 Jatai Malayalam,https://vedavms.in/docs/TSJ7/TS%207.4%20Jatai%20Malayalam.pdf,,"May 31, 2024",,Active,
TS Samhita Jatai,TaittirIya SamhitA jatA pAtam — Kandam 7,TS 7.5 Jatai Sanskrit,https://vedavms.in/docs/TSJ7/TS%207.5%20Jatai%20Sanskrit.pdf,,"May 31, 2024",,Active,
TS Samhita Jatai,TaittirIya SamhitA jatA pAtam — Kandam 7,TS 7.5 Jatai Tamil,https://vedavms.in/docs/TSJ7/TS%207.5%20Jatai%20Tamil.pdf,,"May 31, 2024",,Active,
TS Samhita Jatai,TaittirIya SamhitA jatA pAtam — Kandam 7,TS 7.5 Jatai Malayalam,https://vedavms.in/docs/TSJ7/TS%207.5%20Jatai%20Malayalam.pdf,,"May 31, 2024",,Active,
TS Samhita Ghanam,TaittirIya SamhitA ghana pAtam — Kandam 1,TS 1.1 Ghanam Sanskrit,https://vedavms.in/docs/TSG1/TS%201.1%20Ghanam%20Sanskrit.pdf,,"Jun 30, 2026",https://vedavms.in/docs/TSG1/TS%201.1%20Ghanam%20Sanskrit%20Corrections.pdf,Active,
TS Samhita Ghanam,TaittirIya SamhitA ghana pAtam — Kandam 1,TS 1.1 Ghanam Tamil,https://vedavms.in/docs/TSG1/TS%201.1%20Ghanam%20Tamil.pdf,,"Jun 30, 2026",https://vedavms.in/docs/TSG1/TS%201.1%20Ghanam%20Tamil%20Corrections.pdf,Active,
TS Samhita Ghanam,TaittirIya SamhitA ghana pAtam — Kandam 1,TS 1.1 Ghanam Malayalam,https://vedavms.in/docs/TSG1/TS%201.1%20Ghanam%20Malayalam.pdf,,"Jun 30, 2026",https://vedavms.in/docs/TSG1/TS%201.1%20Ghanam%20Malayalam%20Corrections.pdf,Active,
TS Samhita Ghanam,TaittirIya SamhitA ghana pAtam — Kandam 1,TS 1.2 Ghanam Sanskrit,https://vedavms.in/docs/TSG1/TS%201.2%20Ghanam%20Sanskrit.pdf,,"Jun 30, 2026",https://vedavms.in/docs/TSG1/TS%201.2%20Ghanam%20Sanskrit%20Corrections.pdf,Active,
TS Samhita Ghanam,TaittirIya SamhitA ghana pAtam — Kandam 1,TS 1.2 Ghanam Tamil,https://vedavms.in/docs/TSG1/TS%201.2%20Ghanam%20Tamil.pdf,,"Jun 30, 2026",https://vedavms.in/docs/TSG1/TS%201.2%20Ghanam%20Tamil%20Corrections.pdf,Active,
TS Samhita Ghanam,TaittirIya SamhitA ghana pAtam — Kandam 1,TS 1.2 Ghanam Malayalam,https://vedavms.in/docs/TSG1/TS%201.2%20Ghanam%20Malayalam.pdf,,"Jun 30, 2026",https://vedavms.in/docs/TSG1/TS%201.2%20Ghanam%20Malayalam%20Corrections.pdf,Active,
TS Samhita Ghanam,TaittirIya SamhitA ghana pAtam — Kandam 1,TS 1.3 Ghanam Sanskrit,https://vedavms.in/docs/TSG1/TS%201.3%20Ghanam%20Sanskrit.pdf,,"Jun 30, 2026",https://vedavms.in/docs/TSG1/TS%201.3%20Ghanam%20Sanskrit%20Corrections.pdf,Active,
TS Samhita Ghanam,TaittirIya SamhitA ghana pAtam — Kandam 1,TS 1.3 Ghanam Tamil,https://vedavms.in/docs/TSG1/TS%201.3%20Ghanam%20Tamil.pdf,,"Jun 30, 2026",https://vedavms.in/docs/TSG1/TS%201.3%20Ghanam%20Tamil%20Corrections.pdf,Active,
TS Samhita Ghanam,TaittirIya SamhitA ghana pAtam — Kandam 1,TS 1.3 Ghanam Malayalam,https://vedavms.in/docs/TSG1/TS%201.3%20Ghanam%20Malayalam.pdf,,"Jun 30, 2026",https://vedavms.in/docs/TSG1/TS%201.3%20Ghanam%20Malayalam%20Corrections.pdf,Active,
TS Samhita Ghanam,TaittirIya SamhitA ghana pAtam — Kandam 1,TS 1.4 Ghanam Sanskrit,https://vedavms.in/docs/TSG1/TS%201.4%20Ghanam%20Sanskrit.pdf,,"Jun 30, 2026",https://vedavms.in/docs/TSG1/TS%201.4%20Ghanam%20Sanskrit%20Corrections.pdf,Active,
TS Samhita Ghanam,TaittirIya SamhitA ghana pAtam — Kandam 1,TS 1.4 Ghanam Tamil,https://vedavms.in/docs/TSG1/TS%201.4%20Ghanam%20Tamil.pdf,,"Jun 30, 2026",https://vedavms.in/docs/TSG1/TS%201.4%20Ghanam%20Tamil%20Corrections.pdf,Active,
TS Samhita Ghanam,TaittirIya SamhitA ghana pAtam — Kandam 1,TS 1.4 Ghanam Malayalam,https://vedavms.in/docs/TSG1/TS%201.4%20Ghanam%20Malayalam.pdf,,"Jun 30, 2026",https://vedavms.in/docs/TSG1/TS%201.4%20Ghanam%20Malayalam%20Corrections.pdf,Active,
TS Samhita Ghanam,TaittirIya SamhitA ghana pAtam — Kandam 1,TS 1.5 Ghanam Sanskrit,https://vedavms.in/docs/TSG1/TS%201.5%20Ghanam%20Sanskrit.pdf,,"Jun 30, 2026",https://vedavms.in/docs/TSG1/TS%201.5%20Ghanam%20Sanskrit%20Corrections.pdf,Active,
TS Samhita Ghanam,TaittirIya SamhitA ghana pAtam — Kandam 1,TS 1.5 Ghanam Tamil,https://vedavms.in/docs/TSG1/TS%201.5%20Ghanam%20Tamil.pdf,,"Jun 30, 2026",https://vedavms.in/docs/TSG1/TS%201.5%20Ghanam%20Tamil%20Corrections.pdf,Active,
TS Samhita Ghanam,TaittirIya SamhitA ghana pAtam — Kandam 1,TS 1.5 Ghanam Malayalam,https://vedavms.in/docs/TSG1/TS%201.5%20Ghanam%20Malayalam.pdf,,"Jun 30, 2026",https://vedavms.in/docs/TSG1/TS%201.5%20Ghanam%20Malayalam%20Corrections.pdf,Active,
TS Samhita Ghanam,TaittirIya SamhitA ghana pAtam — Kandam 1,TS 1.6 Ghanam Sanskrit,https://vedavms.in/docs/TSG1/TS%201.6%20Ghanam%20Sanskrit.pdf,,"Jun 30, 2026",https://vedavms.in/docs/TSG1/TS%201.6%20Ghanam%20Sanskrit%20Corrections.pdf,Active,
TS Samhita Ghanam,TaittirIya SamhitA ghana pAtam — Kandam 1,TS 1.6 Ghanam Tamil,https://vedavms.in/docs/TSG1/TS%201.6%20Ghanam%20Tamil.pdf,,"Jun 30, 2026",https://vedavms.in/docs/TSG1/TS%201.6%20Ghanam%20Tamil%20Corrections.pdf,Active,
TS Samhita Ghanam,TaittirIya SamhitA ghana pAtam — Kandam 1,TS 1.6 Ghanam Malayalam,https://vedavms.in/docs/TSG1/TS%201.6%20Ghanam%20Malayalam.pdf,,"Jun 30, 2026",https://vedavms.in/docs/TSG1/TS%201.6%20Ghanam%20Malayalam%20Corrections.pdf,Active,
TS Samhita Ghanam,TaittirIya SamhitA ghana pAtam — Kandam 1,TS 1.7 Ghanam Sanskrit,https://vedavms.in/docs/TSG1/TS%201.7%20Ghanam%20Sanskrit.pdf,,"Jun 30, 2026",https://vedavms.in/docs/TSG1/TS%201.7%20Ghanam%20Sanskrit%20Corrections.pdf,Active,
TS Samhita Ghanam,TaittirIya SamhitA ghana pAtam — Kandam 1,TS 1.7 Ghanam Tamil,https://vedavms.in/docs/TSG1/TS%201.7%20Ghanam%20Tamil.pdf,,"Jun 30, 2026",https://vedavms.in/docs/TSG1/TS%201.7%20Ghanam%20Tamil%20Corrections.pdf,Active,
TS Samhita Ghanam,TaittirIya SamhitA ghana pAtam — Kandam 1,TS 1.7 Ghanam Malayalam,https://vedavms.in/docs/TSG1/TS%201.7%20Ghanam%20Malayalam.pdf,,"Jun 30, 2026",https://vedavms.in/docs/TSG1/TS%201.7%20Ghanam%20Malayalam%20Corrections.pdf,Active,
TS Samhita Ghanam,TaittirIya SamhitA ghana pAtam — Kandam 1,TS 1.8 Ghanam Sanskrit,https://vedavms.in/docs/TSG1/TS%201.8%20Ghanam%20Sanskrit.pdf,,"Jun 30, 2026",https://vedavms.in/docs/TSG1/TS%201.8%20Ghanam%20Sanskrit%20Corrections.pdf,Active,
TS Samhita Ghanam,TaittirIya SamhitA ghana pAtam — Kandam 1,TS 1.8 Ghanam Tamil,https://vedavms.in/docs/TSG1/TS%201.8%20Ghanam%20Tamil.pdf,,"Jun 30, 2026",https://vedavms.in/docs/TSG1/TS%201.8%20Ghanam%20Tamil%20Corrections.pdf,Active,
TS Samhita Ghanam,TaittirIya SamhitA ghana pAtam — Kandam 1,TS 1.8 Ghanam Malayalam,https://vedavms.in/docs/TSG1/TS%201.8%20Ghanam%20Malayalam.pdf,,"Jun 30, 2026",https://vedavms.in/docs/TSG1/TS%201.8%20Ghanam%20Malayalam%20Corrections.pdf,Active,
TS Samhita Ghanam,TaittirIya SamhitA ghana pAtam — Kandam 2,TS 2.1 Ghanam Sanskrit,https://vedavms.in/docs/TSG2/TS%202.1%20Ghanam%20Sanskrit.pdf,,"Jul 31, 2026",https://vedavms.in/docs/TSG2/TS%202.1%20Ghanam%20Sanskrit%20Corrections.pdf,Active,
TS Samhita Ghanam,TaittirIya SamhitA ghana pAtam — Kandam 2,TS 2.1 Ghanam Tamil,https://vedavms.in/docs/TSG2/TS%202.1%20Ghanam%20Tamil.pdf,,"Jul 31, 2026",https://vedavms.in/docs/TSG2/TS%202.1%20Ghanam%20Tamil%20Corrections.pdf,Active,
TS Samhita Ghanam,TaittirIya SamhitA ghana pAtam — Kandam 2,TS 2.1 Ghanam Malayalam,https://vedavms.in/docs/TSG2/TS%202.1%20Ghanam%20Malayalam.pdf,,"Jul 31, 2026",https://vedavms.in/docs/TSG2/TS%202.1%20Ghanam%20Malayalam%20Corrections.pdf,Active,
TS Samhita Ghanam,TaittirIya SamhitA ghana pAtam — Kandam 2,TS 2.2 Ghanam Sanskrit,https://vedavms.in/docs/TSG2/TS%202.2%20Ghanam%20Sanskrit.pdf,,"Jul 31, 2026",https://vedavms.in/docs/TSG2/TS%202.2%20Ghanam%20Sanskrit%20Corrections.pdf,Active,
TS Samhita Ghanam,TaittirIya SamhitA ghana pAtam — Kandam 2,TS 2.2 Ghanam Tamil,https://vedavms.in/docs/TSG2/TS%202.2%20Ghanam%20Tamil.pdf,,"Jul 31, 2026",https://vedavms.in/docs/TSG2/TS%202.2%20Ghanam%20Tamil%20Corrections.pdf,Active,
TS Samhita Ghanam,TaittirIya SamhitA ghana pAtam — Kandam 2,TS 2.2 Ghanam Malayalam,https://vedavms.in/docs/TSG2/TS%202.2%20Ghanam%20Malayalam.pdf,,"Jul 31, 2026",https://vedavms.in/docs/TSG2/TS%202.2%20Ghanam%20Malayalam%20Corrections.pdf,Active,
TS Samhita Ghanam,TaittirIya SamhitA ghana pAtam — Kandam 2,TS 2.3 Ghanam Sanskrit,https://vedavms.in/docs/TSG2/TS%202.3%20Ghanam%20Sanskrit.pdf,,"Jul 31, 2026",https://vedavms.in/docs/TSG2/TS%202.3%20Ghanam%20Sanskrit%20Corrections.pdf,Active,
TS Samhita Ghanam,TaittirIya SamhitA ghana pAtam — Kandam 2,TS 2.3 Ghanam Tamil,https://vedavms.in/docs/TSG2/TS%202.3%20Ghanam%20Tamil.pdf,,"Jul 31, 2026",https://vedavms.in/docs/TSG2/TS%202.3%20Ghanam%20Tamil%20Corrections.pdf,Active,
TS Samhita Ghanam,TaittirIya SamhitA ghana pAtam — Kandam 2,TS 2.3 Ghanam Malayalam,https://vedavms.in/docs/TSG2/TS%202.3%20Ghanam%20Malayalam.pdf,,"Jul 31, 2026",https://vedavms.in/docs/TSG2/TS%202.3%20Ghanam%20Malayalam%20Corrections.pdf,Active,
TS Samhita Ghanam,TaittirIya SamhitA ghana pAtam — Kandam 2,TS 2.4 Ghanam Sanskrit,https://vedavms.in/docs/TSG2/TS%202.4%20Ghanam%20Sanskrit.pdf,,"Jul 31, 2026",https://vedavms.in/docs/TSG2/TS%202.4%20Ghanam%20Sanskrit%20Corrections.pdf,Active,
TS Samhita Ghanam,TaittirIya SamhitA ghana pAtam — Kandam 2,TS 2.4 Ghanam Tamil,https://vedavms.in/docs/TSG2/TS%202.4%20Ghanam%20Tamil.pdf,,"Jul 31, 2026",https://vedavms.in/docs/TSG2/TS%202.4%20Ghanam%20Tamil%20Corrections.pdf,Active,
TS Samhita Ghanam,TaittirIya SamhitA ghana pAtam — Kandam 2,TS 2.4 Ghanam Malayalam,https://vedavms.in/docs/TSG2/TS%202.4%20Ghanam%20Malayalam.pdf,,"Jul 31, 2026",https://vedavms.in/docs/TSG2/TS%202.4%20Ghanam%20Malayalam%20Corrections.pdf,Active,
TS Samhita Ghanam,TaittirIya SamhitA ghana pAtam — Kandam 2,TS 2.5 Ghanam Sanskrit,https://vedavms.in/docs/TSG2/TS%202.5%20Ghanam%20Sanskrit.pdf,,"Jul 31, 2026",https://vedavms.in/docs/TSG2/TS%202.5%20Ghanam%20Sanskrit%20Corrections.pdf,Active,
TS Samhita Ghanam,TaittirIya SamhitA ghana pAtam — Kandam 2,TS 2.5 Ghanam Tamil,https://vedavms.in/docs/TSG2/TS%202.5%20Ghanam%20Tamil.pdf,,"Jul 31, 2026",https://vedavms.in/docs/TSG2/TS%202.5%20Ghanam%20Tamil%20Corrections.pdf,Active,
TS Samhita Ghanam,TaittirIya SamhitA ghana pAtam — Kandam 2,TS 2.5 Ghanam Malayalam,https://vedavms.in/docs/TSG2/TS%202.5%20Ghanam%20Malayalam.pdf,,"Jul 31, 2026",https://vedavms.in/docs/TSG2/TS%202.5%20Ghanam%20Malayalam%20Corrections.pdf,Active,
TS Samhita Ghanam,TaittirIya SamhitA ghana pAtam — Kandam 2,TS 2.6 Ghanam Sanskrit,https://vedavms.in/docs/TSG2/TS%202.6%20Ghanam%20Sanskrit.pdf,,"Jul 31, 2026",https://vedavms.in/docs/TSG2/TS%202.6%20Ghanam%20Sanskrit%20Corrections.pdf,Active,
TS Samhita Ghanam,TaittirIya SamhitA ghana pAtam — Kandam 2,TS 2.6 Ghanam Tamil,https://vedavms.in/docs/TSG2/TS%202.6%20Ghanam%20Tamil.pdf,,"Jul 31, 2026",https://vedavms.in/docs/TSG2/TS%202.6%20Ghanam%20Tamil%20Corrections.pdf,Active,
TS Samhita Ghanam,TaittirIya SamhitA ghana pAtam — Kandam 2,TS 2.6 Ghanam Malayalam,https://vedavms.in/docs/TSG2/TS%202.6%20Ghanam%20Malayalam.pdf,,"Jul 31, 2026",https://vedavms.in/docs/TSG2/TS%202.6%20Ghanam%20Malayalam%20Corrections.pdf,Active,
TS Samhita Ghanam,TaittirIya SamhitA ghana pAtam — Kandam 3,TS 3.1 Ghanam Sanskrit,https://vedavms.in/docs/TSG3/TS%203.1%20Ghanam%20Sanskrit.pdf,,"Oct 31, 2023",https://vedavms.in/docs/TSG3/TS%203.1%20Ghanam%20Sanskrit%20Corrections.pdf,Active,
TS Samhita Ghanam,TaittirIya SamhitA ghana pAtam — Kandam 3,TS 3.1 Ghanam Tamil,https://vedavms.in/docs/TSG3/TS%203.1%20Ghanam%20Tamil.pdf,,"Oct 31, 2023",https://vedavms.in/docs/TSG3/TS%203.1%20Ghanam%20Tamil%20Corrections.pdf,Active,
TS Samhita Ghanam,TaittirIya SamhitA ghana pAtam — Kandam 3,TS 3.1 Ghanam Malayalam,https://vedavms.in/docs/TSG3/TS%203.1%20Ghanam%20Malayalam.pdf,,"Oct 31, 2023",https://vedavms.in/docs/TSG3/TS%203.1%20Ghanam%20Malayalam%20Corrections.pdf,Active,
TS Samhita Ghanam,TaittirIya SamhitA ghana pAtam — Kandam 3,TS 3.2 Ghanam Sanskrit,https://vedavms.in/docs/TSG3/TS%203.2%20Ghanam%20Sanskrit.pdf,,"Oct 31, 2023",https://vedavms.in/docs/TSG3/TS%203.2%20Ghanam%20Sanskrit%20Corrections.pdf,Active,
TS Samhita Ghanam,TaittirIya SamhitA ghana pAtam — Kandam 3,TS 3.2 Ghanam Tamil,https://vedavms.in/docs/TSG3/TS%203.2%20Ghanam%20Tamil.pdf,,"Oct 31, 2023",https://vedavms.in/docs/TSG3/TS%203.2%20Ghanam%20Tamil%20Corrections.pdf,Active,
TS Samhita Ghanam,TaittirIya SamhitA ghana pAtam — Kandam 3,TS 3.2 Ghanam Malayalam,https://vedavms.in/docs/TSG3/TS%203.2%20Ghanam%20Malayalam.pdf,,"Oct 31, 2023",https://vedavms.in/docs/TSG3/TS%203.2%20Ghanam%20Malayalam%20Corrections.pdf,Active,
TS Samhita Ghanam,TaittirIya SamhitA ghana pAtam — Kandam 3,TS 3.3 Ghanam Sanskrit,https://vedavms.in/docs/TSG3/TS%203.3%20Ghanam%20Sanskrit.pdf,,"Nov 30, 2023",https://vedavms.in/docs/TSG3/TS%203.3%20Ghanam%20Sanskrit%20Corrections.pdf,Active,
TS Samhita Ghanam,TaittirIya SamhitA ghana pAtam — Kandam 3,TS 3.3 Ghanam Tamil,https://vedavms.in/docs/TSG3/TS%203.3%20Ghanam%20Tamil.pdf,,"Nov 30, 2023",https://vedavms.in/docs/TSG3/TS%203.3%20Ghanam%20Tamil%20Corrections.pdf,Active,
TS Samhita Ghanam,TaittirIya SamhitA ghana pAtam — Kandam 3,TS 3.3 Ghanam Malayalam,https://vedavms.in/docs/TSG3/TS%203.3%20Ghanam%20Malayalam.pdf,,"Nov 30, 2023",https://vedavms.in/docs/TSG3/TS%203.3%20Ghanam%20Malayalam%20Corrections.pdf,Active,
TS Samhita Ghanam,TaittirIya SamhitA ghana pAtam — Kandam 3,TS 3.4 Ghanam Sanskrit,https://vedavms.in/docs/TSG3/TS%203.4%20Ghanam%20Sanskrit.pdf,,"Jan 31, 2024",https://vedavms.in/docs/TSG3/TS%203.4%20Ghanam%20Sanskrit%20Corrections.pdf,Active,
TS Samhita Ghanam,TaittirIya SamhitA ghana pAtam — Kandam 3,TS 3.4 Ghanam Tamil,https://vedavms.in/docs/TSG3/TS%203.4%20Ghanam%20Tamil.pdf,,"Jan 31, 2024",https://vedavms.in/docs/TSG3/TS%203.4%20Ghanam%20Tamil%20Corrections.pdf,Active,
TS Samhita Ghanam,TaittirIya SamhitA ghana pAtam — Kandam 3,TS 3.4 Ghanam Malayalam,https://vedavms.in/docs/TSG3/TS%203.4%20Ghanam%20Malayalam.pdf,,"Jan 31, 2024",https://vedavms.in/docs/TSG3/TS%203.4%20Ghanam%20Malayalam%20Corrections.pdf,Active,
TS Samhita Ghanam,TaittirIya SamhitA ghana pAtam — Kandam 3,TS 3.5 Ghanam Sanskrit,https://vedavms.in/docs/TSG3/TS%203.5%20Ghanam%20Sanskrit.pdf,,"Feb 29, 2024",https://vedavms.in/docs/TSG3/TS%203.5%20Ghanam%20Sanskrit%20Corrections.pdf,Active,
TS Samhita Ghanam,TaittirIya SamhitA ghana pAtam — Kandam 3,TS 3.5 Ghanam Tamil,https://vedavms.in/docs/TSG3/TS%203.5%20Ghanam%20Tamil.pdf,,"Feb 29, 2024",https://vedavms.in/docs/TSG3/TS%203.5%20Ghanam%20Tamil%20Corrections.pdf,Active,
TS Samhita Ghanam,TaittirIya SamhitA ghana pAtam — Kandam 3,TS 3.5 Ghanam Malayalam,https://vedavms.in/docs/TSG3/TS%203.5%20Ghanam%20Malayalam.pdf,,"Feb 29, 2024",https://vedavms.in/docs/TSG3/TS%203.5%20Ghanam%20Malayalam%20Corrections.pdf,Active,
TS Samhita Ghanam,TaittirIya SamhitA ghana pAtam — Kandam 4,TS 4.1 Ghanam Sanskrit,https://vedavms.in/docs/TSG4/TS%204.1%20Ghanam%20Sanskrit.pdf,,"Feb 29, 2024",https://vedavms.in/docs/TSG4/TS%204.1%20Ghanam%20Sanskrit%20Corrections.pdf,Active,
TS Samhita Ghanam,TaittirIya SamhitA ghana pAtam — Kandam 4,TS 4.1 Ghanam Tamil,https://vedavms.in/docs/TSG4/TS%204.1%20Ghanam%20Tamil.pdf,,"Feb 29, 2024",https://vedavms.in/docs/TSG4/TS%204.1%20Ghanam%20Tamil%20Corrections.pdf,Active,
TS Samhita Ghanam,TaittirIya SamhitA ghana pAtam — Kandam 4,TS 4.1 Ghanam Malayalam,https://vedavms.in/docs/TSG4/TS%204.1%20Ghanam%20Malayalam.pdf,,"Feb 29, 2024",https://vedavms.in/docs/TSG4/TS%204.1%20Ghanam%20Malayalam%20Corrections.pdf,Active,
TS Samhita Ghanam,TaittirIya SamhitA ghana pAtam — Kandam 4,TS 4.2 Ghanam Sanskrit,https://vedavms.in/docs/TSG4/TS%204.2%20Ghanam%20Sanskrit.pdf,,"Mar 31, 2024",https://vedavms.in/docs/TSG4/TS%204.2%20Ghanam%20Sanskrit%20Corrections.pdf,Active,
TS Samhita Ghanam,TaittirIya SamhitA ghana pAtam — Kandam 4,TS 4.2 Ghanam Tamil,https://vedavms.in/docs/TSG4/TS%204.2%20Ghanam%20Tamil.pdf,,"Mar 31, 2024",https://vedavms.in/docs/TSG4/TS%204.2%20Ghanam%20Tamil%20Corrections.pdf,Active,
TS Samhita Ghanam,TaittirIya SamhitA ghana pAtam — Kandam 4,TS 4.2 Ghanam Malayalam,https://vedavms.in/docs/TSG4/TS%204.2%20Ghanam%20Malayalam.pdf,,"Mar 31, 2024",https://vedavms.in/docs/TSG4/TS%204.2%20Ghanam%20Malayalam%20Corrections.pdf,Active,
TS Samhita Ghanam,TaittirIya SamhitA ghana pAtam — Kandam 4,TS 4.3 Ghanam Sanskrit,https://vedavms.in/docs/TSG4/TS%204.3%20Ghanam%20Sanskrit.pdf,,"Mar 31, 2024",https://vedavms.in/docs/TSG4/TS%204.3%20Ghanam%20Sanskrit%20Corrections.pdf,Active,
TS Samhita Ghanam,TaittirIya SamhitA ghana pAtam — Kandam 4,TS 4.3 Ghanam Tamil,https://vedavms.in/docs/TSG4/TS%204.3%20Ghanam%20Tamil.pdf,,"Mar 31, 2024",https://vedavms.in/docs/TSG4/TS%204.3%20Ghanam%20Tamil%20Corrections.pdf,Active,
TS Samhita Ghanam,TaittirIya SamhitA ghana pAtam — Kandam 4,TS 4.3 Ghanam Malayalam,https://vedavms.in/docs/TSG4/TS%204.3%20Ghanam%20Malayalam.pdf,,"Mar 31, 2024",https://vedavms.in/docs/TSG4/TS%204.3%20Ghanam%20Malayalam%20Corrections.pdf,Active,
TS Samhita Ghanam,TaittirIya SamhitA ghana pAtam — Kandam 4,TS 4.4 Ghanam Sanskrit,https://vedavms.in/docs/TSG4/TS%204.4%20Ghanam%20Sanskrit.pdf,,"Apr 30, 2024",https://vedavms.in/docs/TSG4/TS%204.4%20Ghanam%20Sanskrit%20Corrections.pdf,Active,
TS Samhita Ghanam,TaittirIya SamhitA ghana pAtam — Kandam 4,TS 4.4 Ghanam Tamil,https://vedavms.in/docs/TSG4/TS%204.4%20Ghanam%20Tamil.pdf,,"Apr 30, 2024",https://vedavms.in/docs/TSG4/TS%204.4%20Ghanam%20Tamil%20Corrections.pdf,Active,
TS Samhita Ghanam,TaittirIya SamhitA ghana pAtam — Kandam 4,TS 4.4 Ghanam Malayalam,https://vedavms.in/docs/TSG4/TS%204.4%20Ghanam%20Malayalam.pdf,,"Apr 30, 2024",https://vedavms.in/docs/TSG4/TS%204.4%20Ghanam%20Malayalam%20Corrections.pdf,Active,
TS Samhita Ghanam,TaittirIya SamhitA ghana pAtam — Kandam 4,TS 4.5 Ghanam Sanskrit,https://vedavms.in/docs/TSG4/TS%204.5%20Ghanam%20Sanskrit.pdf,,"Apr 30, 2024",https://vedavms.in/docs/TSG4/TS%204.5%20Ghanam%20Sanskrit%20Corrections.pdf,Active,
TS Samhita Ghanam,TaittirIya SamhitA ghana pAtam — Kandam 4,TS 4.5 Ghanam Tamil,https://vedavms.in/docs/TSG4/TS%204.5%20Ghanam%20Tamil.pdf,,"Apr 30, 2024",https://vedavms.in/docs/TSG4/TS%204.5%20Ghanam%20Tamil%20Corrections.pdf,Active,
TS Samhita Ghanam,TaittirIya SamhitA ghana pAtam — Kandam 4,TS 4.5 Ghanam Malayalam,https://vedavms.in/docs/TSG4/TS%204.5%20Ghanam%20Malayalam.pdf,,"Apr 30, 2024",https://vedavms.in/docs/TSG4/TS%204.5%20Ghanam%20Malayalam%20Corrections.pdf,Active,
TS Samhita Ghanam,TaittirIya SamhitA ghana pAtam — Kandam 4,TS 4.6 Ghanam Sanskrit,https://vedavms.in/docs/TSG4/TS%204.6%20Ghanam%20Sanskrit.pdf,,"May 31, 2024",https://vedavms.in/docs/TSG4/TS%204.6%20Ghanam%20Sanskrit%20Corrections.pdf,Active,
TS Samhita Ghanam,TaittirIya SamhitA ghana pAtam — Kandam 4,TS 4.6 Ghanam Tamil,https://vedavms.in/docs/TSG4/TS%204.6%20Ghanam%20Tamil.pdf,,"May 31, 2024",https://vedavms.in/docs/TSG4/TS%204.6%20Ghanam%20Tamil%20Corrections.pdf,Active,
TS Samhita Ghanam,TaittirIya SamhitA ghana pAtam — Kandam 4,TS 4.6 Ghanam Malayalam,https://vedavms.in/docs/TSG4/TS%204.6%20Ghanam%20Malayalam.pdf,,"May 31, 2024",https://vedavms.in/docs/TSG4/TS%204.6%20Ghanam%20Malayalam%20Corrections.pdf,Active,
TS Samhita Ghanam,TaittirIya SamhitA ghana pAtam — Kandam 4,TS 4.7 Ghanam Sanskrit,https://vedavms.in/docs/TSG4/TS%204.7%20Ghanam%20Sanskrit.pdf,,"May 31, 2024",https://vedavms.in/docs/TSG4/TS%204.7%20Ghanam%20Sanskrit%20Corrections.pdf,Active,
TS Samhita Ghanam,TaittirIya SamhitA ghana pAtam — Kandam 4,TS 4.7 Ghanam Tamil,https://vedavms.in/docs/TSG4/TS%204.7%20Ghanam%20Tamil.pdf,,"May 31, 2024",https://vedavms.in/docs/TSG4/TS%204.7%20Ghanam%20Tamil%20Corrections.pdf,Active,
TS Samhita Ghanam,TaittirIya SamhitA ghana pAtam — Kandam 4,TS 4.7 Ghanam Malayalam,https://vedavms.in/docs/TSG4/TS%204.7%20Ghanam%20Malayalam.pdf,,"May 31, 2024",https://vedavms.in/docs/TSG4/TS%204.7%20Ghanam%20Malayalam%20Corrections.pdf,Active,
TS Samhita Ghanam,TaittirIya SamhitA ghana pAtam — Kandam 5,TS 5.1 Ghanam Sanskrit,https://vedavms.in/docs/TSG5/TS%205.1%20Ghanam%20Sanskrit.pdf,,"Jun 30, 2024",https://vedavms.in/docs/TSG5/TS%205.1%20Ghanam%20Sanskrit%20Corrections.pdf,Active,
TS Samhita Ghanam,TaittirIya SamhitA ghana pAtam — Kandam 5,TS 5.1 Ghanam Tamil,https://vedavms.in/docs/TSG5/TS%205.1%20Ghanam%20Tamil.pdf,,"Jun 30, 2024",https://vedavms.in/docs/TSG5/TS%205.1%20Ghanam%20Tamil%20Corrections.pdf,Active,
TS Samhita Ghanam,TaittirIya SamhitA ghana pAtam — Kandam 5,TS 5.1 Ghanam Malayalam,https://vedavms.in/docs/TSG5/TS%205.1%20Ghanam%20Malayalam.pdf,,"Jun 30, 2024",https://vedavms.in/docs/TSG5/TS%205.1%20Ghanam%20Malayalam%20Corrections.pdf,Active,
TS Samhita Ghanam,TaittirIya SamhitA ghana pAtam — Kandam 5,TS 5.2 Ghanam Sanskrit,https://vedavms.in/docs/TSG5/TS%205.2%20Ghanam%20Sanskrit.pdf,,"Jul 31, 2024",https://vedavms.in/docs/TSG5/TS%205.2%20Ghanam%20Sanskrit%20Corrections.pdf,Active,
TS Samhita Ghanam,TaittirIya SamhitA ghana pAtam — Kandam 5,TS 5.2 Ghanam Tamil,https://vedavms.in/docs/TSG5/TS%205.2%20Ghanam%20Tamil.pdf,,"Jul 31, 2024",https://vedavms.in/docs/TSG5/TS%205.2%20Ghanam%20Tamil%20Corrections.pdf,Active,
TS Samhita Ghanam,TaittirIya SamhitA ghana pAtam — Kandam 5,TS 5.2 Ghanam Malayalam,https://vedavms.in/docs/TSG5/TS%205.2%20Ghanam%20Malayalam.pdf,,"Jul 31, 2024",https://vedavms.in/docs/TSG5/TS%205.2%20Ghanam%20Malayalam%20Corrections.pdf,Active,
TS Samhita Ghanam,TaittirIya SamhitA ghana pAtam — Kandam 5,TS 5.3 Ghanam Sanskrit,https://vedavms.in/docs/TSG5/TS%205.3%20Ghanam%20Sanskrit.pdf,,"Sep 30, 2024",https://vedavms.in/docs/TSG5/TS%205.3%20Ghanam%20Sanskrit%20Corrections.pdf,Active,
TS Samhita Ghanam,TaittirIya SamhitA ghana pAtam — Kandam 5,TS 5.3 Ghanam Tamil,https://vedavms.in/docs/TSG5/TS%205.3%20Ghanam%20Tamil.pdf,,"Sep 30, 2024",https://vedavms.in/docs/TSG5/TS%205.3%20Ghanam%20Tamil%20Corrections.pdf,Active,
TS Samhita Ghanam,TaittirIya SamhitA ghana pAtam — Kandam 5,TS 5.3 Ghanam Malayalam,https://vedavms.in/docs/TSG5/TS%205.3%20Ghanam%20Malayalam.pdf,,"Sep 30, 2024",https://vedavms.in/docs/TSG5/TS%205.3%20Ghanam%20Malayalam%20Corrections.pdf,Active,
TS Samhita Ghanam,TaittirIya SamhitA ghana pAtam — Kandam 5,TS 5.4 Ghanam Sanskrit,https://vedavms.in/docs/TSG5/TS%205.4%20Ghanam%20Sanskrit.pdf,,"Oct 31, 2024",https://vedavms.in/docs/TSG5/TS%205.4%20Ghanam%20Sanskrit%20Corrections.pdf,Active,
TS Samhita Ghanam,TaittirIya SamhitA ghana pAtam — Kandam 5,TS 5.4 Ghanam Tamil,https://vedavms.in/docs/TSG5/TS%205.4%20Ghanam%20Tamil.pdf,,"Oct 31, 2024",https://vedavms.in/docs/TSG5/TS%205.4%20Ghanam%20Tamil%20Corrections.pdf,Active,
TS Samhita Ghanam,TaittirIya SamhitA ghana pAtam — Kandam 5,TS 5.4 Ghanam Malayalam,https://vedavms.in/docs/TSG5/TS%205.4%20Ghanam%20Malayalam.pdf,,"Oct 31, 2024",https://vedavms.in/docs/TSG5/TS%205.4%20Ghanam%20Malayalam%20Corrections.pdf,Active,
TS Samhita Ghanam,TaittirIya SamhitA ghana pAtam — Kandam 5,TS 5.5 Ghanam Sanskrit,https://vedavms.in/docs/TSG5/TS%205.5%20Ghanam%20Sanskrit.pdf,,"Nov 30, 2024",https://vedavms.in/docs/TSG5/TS%205.5%20Ghanam%20Sanskrit%20Corrections.pdf,Active,
TS Samhita Ghanam,TaittirIya SamhitA ghana pAtam — Kandam 5,TS 5.5 Ghanam Tamil,https://vedavms.in/docs/TSG5/TS%205.5%20Ghanam%20Tamil.pdf,,"Nov 30, 2024",https://vedavms.in/docs/TSG5/TS%205.5%20Ghanam%20Tamil%20Corrections.pdf,Active,
TS Samhita Ghanam,TaittirIya SamhitA ghana pAtam — Kandam 5,TS 5.5 Ghanam Malayalam,https://vedavms.in/docs/TSG5/TS%205.5%20Ghanam%20Malayalam.pdf,,"Nov 30, 2024",https://vedavms.in/docs/TSG5/TS%205.5%20Ghanam%20Malayalam%20Corrections.pdf,Active,
TS Samhita Ghanam,TaittirIya SamhitA ghana pAtam — Kandam 5,TS 5.6 Ghanam Sanskrit,https://vedavms.in/docs/TSG5/TS%205.6%20Ghanam%20Sanskrit.pdf,,"Mar 31, 2025",https://vedavms.in/docs/TSG5/TS%205.6%20Ghanam%20Sanskrit%20Corrections.pdf,Active,
TS Samhita Ghanam,TaittirIya SamhitA ghana pAtam — Kandam 5,TS 5.6 Ghanam Tamil,https://vedavms.in/docs/TSG5/TS%205.6%20Ghanam%20Tamil.pdf,,"Mar 31, 2025",https://vedavms.in/docs/TSG5/TS%205.6%20Ghanam%20Tamil%20Corrections.pdf,Active,
TS Samhita Ghanam,TaittirIya SamhitA ghana pAtam — Kandam 5,TS 5.6 Ghanam Malayalam,https://vedavms.in/docs/TSG5/TS%205.6%20Ghanam%20Malayalam.pdf,,"Mar 31, 2025",https://vedavms.in/docs/TSG5/TS%205.6%20Ghanam%20Malayalam%20Corrections.pdf,Active,
TS Samhita Ghanam,TaittirIya SamhitA ghana pAtam — Kandam 5,TS 5.7 Ghanam Sanskrit,https://vedavms.in/docs/TSG5/TS%205.7%20Ghanam%20Sanskrit.pdf,,"Apr 30, 2025",https://vedavms.in/docs/TSG5/TS%205.7%20Ghanam%20Sanskrit%20Corrections.pdf,Active,
TS Samhita Ghanam,TaittirIya SamhitA ghana pAtam — Kandam 5,TS 5.7 Ghanam Tamil,https://vedavms.in/docs/TSG5/TS%205.7%20Ghanam%20Tamil.pdf,,"Apr 30, 2025",https://vedavms.in/docs/TSG5/TS%205.7%20Ghanam%20Tamil%20Corrections.pdf,Active,
TS Samhita Ghanam,TaittirIya SamhitA ghana pAtam — Kandam 5,TS 5.7 Ghanam Malayalam,https://vedavms.in/docs/TSG5/TS%205.7%20Ghanam%20Malayalam.pdf,,"Apr 30, 2025",https://vedavms.in/docs/TSG5/TS%205.7%20Ghanam%20Malayalam%20Corrections.pdf,Active,
TS Samhita Ghanam,TaittirIya SamhitA ghana pAtam — Kandam 6,TS 6.1 Ghanam Sanskrit,https://vedavms.in/docs/TSG6/TS%206.1%20Ghanam%20Sanskrit.pdf,,"May 31, 2025",https://vedavms.in/docs/TSG6/TS%206.1%20Ghanam%20Sanskrit%20Corrections.pdf,Active,
TS Samhita Ghanam,TaittirIya SamhitA ghana pAtam — Kandam 6,TS 6.1 Ghanam Tamil,https://vedavms.in/docs/TSG6/TS%206.1%20Ghanam%20Tamil.pdf,,"May 31, 2025",https://vedavms.in/docs/TSG6/TS%206.1%20Ghanam%20Tamil%20Corrections.pdf,Active,
TS Samhita Ghanam,TaittirIya SamhitA ghana pAtam — Kandam 6,TS 6.1 Ghanam Malayalam,https://vedavms.in/docs/TSG6/TS%206.1%20Ghanam%20Malayalam.pdf,,"May 31, 2025",https://vedavms.in/docs/TSG6/TS%206.1%20Ghanam%20Malayalam%20Corrections.pdf,Active,
TS Samhita Ghanam,TaittirIya SamhitA ghana pAtam — Kandam 6,TS 6.2 Ghanam Sanskrit,https://vedavms.in/docs/TSG6/TS%206.2%20Ghanam%20Sanskrit.pdf,,"Jul 31, 2025",https://vedavms.in/docs/TSG6/TS%206.2%20Ghanam%20Sanskrit%20Corrections.pdf,Active,
TS Samhita Ghanam,TaittirIya SamhitA ghana pAtam — Kandam 6,TS 6.2 Ghanam Tamil,https://vedavms.in/docs/TSG6/TS%206.2%20Ghanam%20Tamil.pdf,,"Jul 31, 2025",https://vedavms.in/docs/TSG6/TS%206.2%20Ghanam%20Tamil%20Corrections.pdf,Active,
TS Samhita Ghanam,TaittirIya SamhitA ghana pAtam — Kandam 6,TS 6.2 Ghanam Malayalam,https://vedavms.in/docs/TSG6/TS%206.2%20Ghanam%20Malayalam.pdf,,"Jul 31, 2025",https://vedavms.in/docs/TSG6/TS%206.2%20Ghanam%20Malayalam%20Corrections.pdf,Active,
TS Samhita Ghanam,TaittirIya SamhitA ghana pAtam — Kandam 6,TS 6.3 Ghanam Sanskrit,https://vedavms.in/docs/TSG6/TS%206.3%20Ghanam%20Sanskrit.pdf,,"Sep 30, 2025",https://vedavms.in/docs/TSG6/TS%206.3%20Ghanam%20Sanskrit%20Corrections.pdf,Active,
TS Samhita Ghanam,TaittirIya SamhitA ghana pAtam — Kandam 6,TS 6.3 Ghanam Tamil,https://vedavms.in/docs/TSG6/TS%206.3%20Ghanam%20Tamil.pdf,,"Sep 30, 2025",https://vedavms.in/docs/TSG6/TS%206.3%20Ghanam%20Tamil%20Corrections.pdf,Active,
TS Samhita Ghanam,TaittirIya SamhitA ghana pAtam — Kandam 6,TS 6.3 Ghanam Malayalam,https://vedavms.in/docs/TSG6/TS%206.3%20Ghanam%20Malayalam.pdf,,"Sep 30, 2025",https://vedavms.in/docs/TSG6/TS%206.3%20Ghanam%20Malayalam%20Corrections.pdf,Active,
TS Samhita Ghanam,TaittirIya SamhitA ghana pAtam — Kandam 6,TS 6.4 Ghanam Sanskrit,https://vedavms.in/docs/TSG6/TS%206.4%20Ghanam%20Sanskrit.pdf,,"Jan 31, 2026",https://vedavms.in/docs/TSG6/TS%206.4%20Ghanam%20Sanskrit%20Corrections.pdf,Active,
TS Samhita Ghanam,TaittirIya SamhitA ghana pAtam — Kandam 6,TS 6.4 Ghanam Tamil,https://vedavms.in/docs/TSG6/TS%206.4%20Ghanam%20Tamil.pdf,,"Jan 31, 2026",https://vedavms.in/docs/TSG6/TS%206.4%20Ghanam%20Tamil%20Corrections.pdf,Active,
TS Samhita Ghanam,TaittirIya SamhitA ghana pAtam — Kandam 6,TS 6.4 Ghanam Malayalam,https://vedavms.in/docs/TSG6/TS%206.4%20Ghanam%20Malayalam.pdf,,"Jan 31, 2026",https://vedavms.in/docs/TSG6/TS%206.4%20Ghanam%20Malayalam%20Corrections.pdf,Active,
TS Samhita Ghanam,TaittirIya SamhitA ghana pAtam — Kandam 6,TS 6.5 Ghanam Sanskrit,https://vedavms.in/docs/TSG6/TS%206.5%20Ghanam%20Sanskrit.pdf,,"Feb 28, 2026",https://vedavms.in/docs/TSG6/TS%206.5%20Ghanam%20Sanskrit%20Corrections.pdf,Active,
TS Samhita Ghanam,TaittirIya SamhitA ghana pAtam — Kandam 6,TS 6.5 Ghanam Tamil,https://vedavms.in/docs/TSG6/TS%206.5%20Ghanam%20Tamil.pdf,,"Feb 28, 2026",https://vedavms.in/docs/TSG6/TS%206.5%20Ghanam%20Tamil%20Corrections.pdf,Active,
TS Samhita Ghanam,TaittirIya SamhitA ghana pAtam — Kandam 6,TS 6.5 Ghanam Malayalam,https://vedavms.in/docs/TSG6/TS%206.5%20Ghanam%20Malayalam.pdf,,"Feb 28, 2026",https://vedavms.in/docs/TSG6/TS%206.5%20Ghanam%20Malayalam%20Corrections.pdf,Active,
TS Samhita Ghanam,TaittirIya SamhitA ghana pAtam — Kandam 6,TS 6.6 Ghanam Sanskrit,https://vedavms.in/docs/TSG6/TS%206.6%20Ghanam%20Sanskrit.pdf,,"Apr 30, 2026",https://vedavms.in/docs/TSG6/TS%206.6%20Ghanam%20Sanskrit%20Corrections.pdf,Active,
TS Samhita Ghanam,TaittirIya SamhitA ghana pAtam — Kandam 6,TS 6.6 Ghanam Tamil,https://vedavms.in/docs/TSG6/TS%206.6%20Ghanam%20Tamil.pdf,,"Apr 30, 2026",https://vedavms.in/docs/TSG6/TS%206.6%20Ghanam%20Tamil%20Corrections.pdf,Active,
TS Samhita Ghanam,TaittirIya SamhitA ghana pAtam — Kandam 6,TS 6.6 Ghanam Malayalam,https://vedavms.in/docs/TSG6/TS%206.6%20Ghanam%20Malayalam.pdf,,"Apr 30, 2026",https://vedavms.in/docs/TSG6/TS%206.6%20Ghanam%20Malayalam%20Corrections.pdf,Active,
TS Samhita Ghanam,TaittirIya SamhitA ghana pAtam — Kandam 7,TS 7.1 Ghanam Sanskrit,https://vedavms.in/docs/TSG7/TS%207.1%20Ghanam%20Sanskrit.pdf,,"May 31, 2026",https://vedavms.in/docs/TSG7/TS%207.1%20Ghanam%20Sanskrit%20Corrections.pdf,Active,
TS Samhita Ghanam,TaittirIya SamhitA ghana pAtam — Kandam 7,TS 7.1 Ghanam Tamil,https://vedavms.in/docs/TSG7/TS%207.1%20Ghanam%20Tamil.pdf,,"May 31, 2026",https://vedavms.in/docs/TSG7/TS%207.1%20Ghanam%20Tamil%20Corrections.pdf,Active,
TS Samhita Ghanam,TaittirIya SamhitA ghana pAtam — Kandam 7,TS 7.1 Ghanam Malayalam,https://vedavms.in/docs/TSG7/TS%207.1%20Ghanam%20Malayalam.pdf,,"May 31, 2026",https://vedavms.in/docs/TSG7/TS%207.1%20Ghanam%20Malayalam%20Corrections.pdf,Active,
TS Samhita Ghanam,TaittirIya SamhitA ghana pAtam — Kandam 7,TS 7.2 Ghanam Sanskrit,https://vedavms.in/docs/TSG7/TS%207.2%20Ghanam%20Sanskrit.pdf,,"Jun 30, 2026",https://vedavms.in/docs/TSG7/TS%207.2%20Ghanam%20Sanskrit%20Corrections.pdf,Active,
TS Samhita Ghanam,TaittirIya SamhitA ghana pAtam — Kandam 7,TS 7.2 Ghanam Tamil,https://vedavms.in/docs/TSG7/TS%207.2%20Ghanam%20Tamil.pdf,,"Jun 30, 2026",https://vedavms.in/docs/TSG7/TS%207.2%20Ghanam%20Tamil%20Corrections.pdf,Active,
TS Samhita Ghanam,TaittirIya SamhitA ghana pAtam — Kandam 7,TS 7.2 Ghanam Malayalam,https://vedavms.in/docs/TSG7/TS%207.2%20Ghanam%20Malayalam.pdf,,"Jun 30, 2026",https://vedavms.in/docs/TSG7/TS%207.2%20Ghanam%20Malayalam%20Corrections.pdf,Active,
TS Samhita Ghanam,TaittirIya SamhitA ghana pAtam — Kandam 7,TS 7.3 Ghanam Sanskrit,https://vedavms.in/docs/TSG7/TS%207.3%20Ghanam%20Sanskrit.pdf,,"Jul 31, 2026",https://vedavms.in/docs/TSG7/TS%207.3%20Ghanam%20Sanskrit%20Corrections.pdf,Active,
TS Samhita Ghanam,TaittirIya SamhitA ghana pAtam — Kandam 7,TS 7.3 Ghanam Tamil,https://vedavms.in/docs/TSG7/TS%207.3%20Ghanam%20Tamil.pdf,,"Jul 31, 2026",https://vedavms.in/docs/TSG7/TS%207.3%20Ghanam%20Tamil%20Corrections.pdf,Active,
TS Samhita Ghanam,TaittirIya SamhitA ghana pAtam — Kandam 7,TS 7.3 Ghanam Malayalam,https://vedavms.in/docs/TSG7/TS%207.3%20Ghanam%20Malayalam.pdf,,"Jul 31, 2026",https://vedavms.in/docs/TSG7/TS%207.3%20Ghanam%20Malayalam%20Corrections.pdf,Active,
TS Samhita Ghanam,TaittirIya SamhitA ghana pAtam — Kandam 7,TS 7.4 Ghanam Sanskrit,https://vedavms.in/docs/TSG7/TS%207.4%20Ghanam%20Sanskrit.pdf,,"May 31, 2024",,Active,
TS Samhita Ghanam,TaittirIya SamhitA ghana pAtam — Kandam 7,TS 7.4 Ghanam Tamil,https://vedavms.in/docs/TSG7/TS%207.4%20Ghanam%20Tamil.pdf,,"May 31, 2024",,Active,
TS Samhita Ghanam,TaittirIya SamhitA ghana pAtam — Kandam 7,TS 7.4 Ghanam Malayalam,https://vedavms.in/docs/TSG7/TS%207.4%20Ghanam%20Malayalam.pdf,,"May 31, 2024",,Active,
TS Samhita Ghanam,TaittirIya SamhitA ghana pAtam — Kandam 7,TS 7.5 Ghanam Sanskrit,https://vedavms.in/docs/TSG7/TS%207.5%20Ghanam%20Sanskrit.pdf,,"May 31, 2024",,Active,
TS Samhita Ghanam,TaittirIya SamhitA ghana pAtam — Kandam 7,TS 7.5 Ghanam Tamil,https://vedavms.in/docs/TSG7/TS%207.5%20Ghanam%20Tamil.pdf,,"May 31, 2024",,Active,
TS Samhita Ghanam,TaittirIya SamhitA ghana pAtam — Kandam 7,TS 7.5 Ghanam Malayalam,https://vedavms.in/docs/TSG7/TS%207.5%20Ghanam%20Malayalam.pdf,,"May 31, 2024",,Active,
Kanva Samhita,Kanva SamhitA Manuscript- Malayalam Contributed,1) Kanva Samhita - Notes and Symbols,https://vedavms.in/docs/KanvaPRI/01NOTES%20ON%20SYMBOLS.pdf,V0.0,"Jun 30, 2019",,Active,
Kanva Samhita,Kanva SamhitA Manuscript- Malayalam Contributed,2) Kanva SamhitA - Prayer,https://vedavms.in/docs/KanvaPRI/02Kanva%20Prayer.pdf,V0.0,"Jun 30, 2019",,Active,
Kanva Samhita,Kanva SamhitA Manuscript- Malayalam Contributed,3) Kanva SamhitA - A01,https://vedavms.in/docs/KanvaPRI/Kanva%20PRI%20A01.pdf,V0.0,"Jun 30, 2019",,Active,
Kanva Samhita,Kanva SamhitA Manuscript- Malayalam Contributed,4) Kanva SamhitA - A02,https://vedavms.in/docs/KanvaPRI/Kanva%20PRI%20A02.pdf,V0.0,"Jun 30, 2019",,Active,
Kanva Samhita,Kanva SamhitA Manuscript- Malayalam Contributed,5) Kanva SamhitA - A03,https://vedavms.in/docs/KanvaPRI/Kanva%20PRI%20A03.pdf,V0.0,"Jun 30, 2019",,Active,
Kanva Samhita,Kanva SamhitA Manuscript- Malayalam Contributed,6) Kanva SamhitA - A04,https://vedavms.in/docs/KanvaPRI/Kanva%20PRI%20A04.pdf,V0.0,"Jun 30, 2019",,Active,
Kanva Samhita,Kanva SamhitA Manuscript- Malayalam Contributed,7) Kanva SamhitA - A05,https://vedavms.in/docs/KanvaPRI/Kanva%20PRI%20A05.pdf,V0.0,"Jun 30, 2019",,Active,
Kanva Samhita,Kanva SamhitA Manuscript- Malayalam Contributed,8) Kanva SamhitA - A06,https://vedavms.in/docs/KanvaPRI/Kanva%20PRI%20A06.pdf,V0.0,"Jun 30, 2019",,Active,
Kanva Samhita,Kanva SamhitA Manuscript- Malayalam Contributed,9) Kanva SamhitA - A07,https://vedavms.in/docs/KanvaPRI/Kanva%20PRI%20A07.pdf,V0.0,"Jun 30, 2019",,Active,
Kanva Samhita,Kanva SamhitA Manuscript- Malayalam Contributed,10) Kanva SamhitA - A08,https://vedavms.in/docs/KanvaPRI/Kanva%20PRI%20A08.pdf,V0.0,"Jun 30, 2019",,Active,
Kanva Samhita,Kanva SamhitA Manuscript- Malayalam Contributed,11) Kanva SamhitA - A09,https://vedavms.in/docs/KanvaPRI/Kanva%20PRI%20A09.pdf,V0.0,"Jun 30, 2019",,Active,
Kanva Samhita,Kanva SamhitA Manuscript- Malayalam Contributed,12) Kanva SamhitA - A10,https://vedavms.in/docs/KanvaPRI/Kanva%20PRI%20A10.pdf,V0.0,"Jun 30, 2019",,Active,
Kanva Samhita,Kanva SamhitA Manuscript- Malayalam Contributed,13) Kanva SamhitA - A11,https://vedavms.in/docs/KanvaPRI/Kanva%20PRI%20A11.pdf,V0.0,"Jun 30, 2019",,Active,
Kanva Samhita,Kanva SamhitA Manuscript- Malayalam Contributed,14) Kanva SamhitA - A12,https://vedavms.in/docs/KanvaPRI/Kanva%20PRI%20A12.pdf,V0.0,"Jun 30, 2019",,Active,
Kanva Samhita,Kanva SamhitA Manuscript- Malayalam Contributed,15) Kanva SamhitA - A13,https://vedavms.in/docs/KanvaPRI/Kanva%20PRI%20A13.pdf,V0.0,"Jun 30, 2019",,Active,
Kanva Samhita,Kanva SamhitA Manuscript- Malayalam Contributed,16) Kanva SamhitA - A14,https://vedavms.in/docs/KanvaPRI/Kanva%20PRI%20A14.pdf,V0.0,"Jun 30, 2019",,Active,
Kanva Samhita,Kanva SamhitA Manuscript- Malayalam Contributed,17) Kanva SamhitA - A15,https://vedavms.in/docs/KanvaPRI/Kanva%20PRI%20A15.pdf,V0.0,"Jun 30, 2019",,Active,
Kanva Samhita,Kanva SamhitA Manuscript- Malayalam Contributed,18) Kanva SamhitA - A16,https://vedavms.in/docs/KanvaPRI/Kanva%20PRI%20A16.pdf,V0.0,"Jun 30, 2019",,Active,
Kanva Samhita,Kanva SamhitA Manuscript- Malayalam Contributed,19) Kanva SamhitA - A17,https://vedavms.in/docs/KanvaPRI/Kanva%20PRI%20A17.pdf,V0.0,"Jun 30, 2019",,Active,
Kanva Samhita,Kanva SamhitA Manuscript- Malayalam Contributed,20) Kanva SamhitA - A18,https://vedavms.in/docs/KanvaPRI/Kanva%20PRI%20A18.pdf,V0.0,"Jun 30, 2019",,Active,
Kanva Samhita,Kanva SamhitA Manuscript- Malayalam Contributed,21) Kanva SamhitA - A19,https://vedavms.in/docs/KanvaPRI/Kanva%20PRI%20A19.pdf,V0.0,"Jun 30, 2019",,Active,
Kanva Samhita,Kanva SamhitA Manuscript- Malayalam Contributed,22) Kanva SamhitA - A20,https://vedavms.in/docs/KanvaPRI/Kanva%20PRI%20A20.pdf,V0.0,"Jun 30, 2019",,Active,
Kanva Samhita,Kanva SamhitA Manuscript- Malayalam Contributed,23) Kanva SamhitA - A21,https://vedavms.in/docs/KanvaPRI/Kanva%20PRI%20A21.pdf,V0.0,"Jun 30, 2019",,Active,
Kanva Samhita,Kanva SamhitA Manuscript- Malayalam Contributed,24) Kanva SamhitA - A22,https://vedavms.in/docs/KanvaPRI/Kanva%20PRI%20A22.pdf,V0.0,"Jun 30, 2019",,Active,
Kanva Samhita,Kanva SamhitA Manuscript- Malayalam Contributed,25) Kanva SamhitA - A23,https://vedavms.in/docs/KanvaPRI/Kanva%20PRI%20A23.pdf,V0.0,"Jun 30, 2019",,Active,
Kanva Samhita,Kanva SamhitA Manuscript- Malayalam Contributed,26) Kanva SamhitA - A24,https://vedavms.in/docs/KanvaPRI/Kanva%20PRI%20A24.pdf,V0.0,"Jun 30, 2019",,Active,
Kanva Samhita,Kanva SamhitA Manuscript- Malayalam Contributed,27) Kanva SamhitA - A25,https://vedavms.in/docs/KanvaPRI/Kanva%20PRI%20A25.pdf,V0.0,"Jun 30, 2019",,Active,
Kanva Samhita,Kanva SamhitA Manuscript- Malayalam Contributed,28) Kanva SamhitA - A26,https://vedavms.in/docs/KanvaPRI/Kanva%20PRI%20A26.pdf,V0.0,"Jun 30, 2019",,Active,
Kanva Samhita,Kanva SamhitA Manuscript- Malayalam Contributed,29) Kanva SamhitA - A27,https://vedavms.in/docs/KanvaPRI/Kanva%20PRI%20A27.pdf,V0.0,"Jun 30, 2019",,Active,
Kanva Samhita,Kanva SamhitA Manuscript- Malayalam Contributed,30) Kanva SamhitA - A28,https://vedavms.in/docs/KanvaPRI/Kanva%20PRI%20A28.pdf,V0.0,"Jun 30, 2019",,Active,
Kanva Samhita,Kanva SamhitA Manuscript- Malayalam Contributed,31) Kanva SamhitA - A29,https://vedavms.in/docs/KanvaPRI/Kanva%20PRI%20A29.pdf,V0.0,"Jun 30, 2019",,Active,
Kanva Samhita,Kanva SamhitA Manuscript- Malayalam Contributed,32) Kanva SamhitA - A30,https://vedavms.in/docs/KanvaPRI/Kanva%20PRI%20A30.pdf,V0.0,"Jun 30, 2019",,Active,
Kanva Samhita,Kanva SamhitA Manuscript- Malayalam Contributed,33) Kanva SamhitA - A31,https://vedavms.in/docs/KanvaPRI/Kanva%20PRI%20A31.pdf,V0.0,"Jun 30, 2019",,Active,
Kanva Samhita,Kanva SamhitA Manuscript- Malayalam Contributed,34) Kanva SamhitA - A32,https://vedavms.in/docs/KanvaPRI/Kanva%20PRI%20A32.pdf,V0.0,"Jun 30, 2019",,Active,
Kanva Samhita,Kanva SamhitA Manuscript- Malayalam Contributed,35) Kanva SamhitA - A33,https://vedavms.in/docs/KanvaPRI/Kanva%20PRI%20A33.pdf,V0.0,"Jun 30, 2019",,Active,
Kanva Samhita,Kanva SamhitA Manuscript- Malayalam Contributed,36) Kanva SamhitA - A34,https://vedavms.in/docs/KanvaPRI/Kanva%20PRI%20A34.pdf,V0.0,"Jun 30, 2019",,Active,
Kanva Samhita,Kanva SamhitA Manuscript- Malayalam Contributed,37) Kanva SamhitA - A35,https://vedavms.in/docs/KanvaPRI/Kanva%20PRI%20A35.pdf,V0.0,"Jun 30, 2019",,Active,
Kanva Samhita,Kanva SamhitA Manuscript- Malayalam Contributed,38) Kanva SamhitA - A36,https://vedavms.in/docs/KanvaPRI/Kanva%20PRI%20A36.pdf,V0.0,"Jun 30, 2019",,Active,
Kanva Samhita,Kanva SamhitA Manuscript- Malayalam Contributed,39) Kanva SamhitA - A37,https://vedavms.in/docs/KanvaPRI/Kanva%20PRI%20A37.pdf,V0.0,"Jun 30, 2019",,Active,
Kanva Samhita,Kanva SamhitA Manuscript- Malayalam Contributed,40) Kanva SamhitA - A38,https://vedavms.in/docs/KanvaPRI/Kanva%20PRI%20A38.pdf,V0.0,"Jun 30, 2019",,Active,
Kanva Samhita,Kanva SamhitA Manuscript- Malayalam Contributed,41) Kanva SamhitA - A39,https://vedavms.in/docs/KanvaPRI/Kanva%20PRI%20A39.pdf,V0.0,"Jun 30, 2019",,Active,
Kanva Samhita,Kanva SamhitA Manuscript- Malayalam Contributed,42) Kanva SamhitA - A40,https://vedavms.in/docs/KanvaPRI/Kanva%20PRI%20A40.pdf,V0.0,"Jun 30, 2019",,Active,
Parayanam and References,References,1) TaittirIya PrAtiSAkyam,http://sanskritweb.net/yajurveda/index.html#TP,,,,Active,
Parayanam and References,References,2) Swara SIkShA,https://vedicreserve.miu.edu/shiksha/shiksha_vedicreserve.html,,,,Active,
Parayanam and References,References,3) JatA Mani,https://vedicreserve.miu.edu/shiksha/shiksha_vedicreserve.html,,,,Active,
Parayanam and References,References,4) JatA DarpaNam,https://www.wilbourhall.org/sansknet/vedas/yajurveda/jatadarpana/index.htm,,,,Active,
Parayanam and References,References,5) Ghana DarpaNam,https://www.wilbourhall.org/sansknet/vedas/yajurveda/jatadarpana/index.htm,,,,Active,
Parayanam and References,Veda Parayanam Links (TTD Recitation),1) TTD SamhitA Parayanam links,https://vedavms.in/docs/SIkShA/TTD%20Samhita%20PaaraayaNam.xlsx,,,,Active,
Parayanam and References,Veda Parayanam Links (TTD Recitation),2) TTD SamhitA Pada Paata Parayanam links,https://vedavms.in/docs/SIkShA/TTD%20Pada%20PaaraayaNam.xlsx,,,,Active,
Parayanam and References,Veda Parayanam Links (TTD Recitation),3) TTD SamhitA Krama Parayanam links,https://vedavms.in/docs/SIkShA/TTD%20Krama%20PaaraayaNam.xlsx,,,,Active,
Parayanam and References,Veda Parayanam Links (TTD Recitation),4) TTD SamhitA Jata Paata Parayanam links,https://vedavms.in/docs/SIkShA/TTD%20JatA%20PaaraayaNam.xlsx,,,,Active,
Ghana Sandhi,TaittirIya SamhitA Ghana Sandhi (Sanskrit),1) TS Ghana Sandhi - kANDam 1 - Sanskrit,https://vedavms.in/docs/SIkShA/GS-TS%201.1-1.8%20Sanskrit.pdf,V1.0,"Sep 30, 2023",,Active,
Ghana Sandhi,TaittirIya SamhitA Ghana Sandhi (Sanskrit),2) TS Ghana Sandhi - kANDam 2 - Sanskrit,https://vedavms.in/docs/SIkShA/GS-TS%202.1-2.6%20Sanskrit.pdf,V1.0,"Sep 30, 2023",,Active,
Ghana Sandhi,TaittirIya SamhitA Ghana Sandhi (Sanskrit),3) TS Ghana Sandhi - kANDam 3 - Sanskrit,https://vedavms.in/docs/SIkShA/GS-TS%203.1-3.5%20Sanskrit.pdf,V1.0,"Sep 30, 2023",,Active,
Ghana Sandhi,TaittirIya SamhitA Ghana Sandhi (Sanskrit),4) TS Ghana Sandhi - kANDam 4 - Sanskrit,https://vedavms.in/docs/SIkShA/GS-TS%204.1-4.7%20Sanskrit.pdf,V1.0,"Sep 30, 2023",,Active,
Ghana Sandhi,TaittirIya SamhitA Ghana Sandhi (Sanskrit),5) TS Ghana Sandhi - kANDam 5 - Sanskrit,https://vedavms.in/docs/SIkShA/GS-TS%205.1-5.7%20Sanskrit.pdf,V1.0,"Sep 30, 2023",,Active,
Ghana Sandhi,TaittirIya SamhitA Ghana Sandhi (Sanskrit),6) TS Ghana Sandhi - kANDam 6 - Sanskrit,https://vedavms.in/docs/SIkShA/GS-TS%206.1-6.6%20Sanskrit.pdf,V1.0,"Feb 29, 2024",,Active,
Ghana Sandhi,TaittirIya SamhitA Ghana Sandhi (Sanskrit),7) TS Ghana Sandhi - kANDam 7 - Sanskrit,https://vedavms.in/docs/SIkShA/GS-TS%207.1-7.5%20Sanskrit.pdf,V1.0,"May 31, 2024",,Active,
Ghana Maala Pilot,TaittirIya SamhitA Ghana Maala (Pilot),1) Ghana Maala Sanskrit ),https://vedavms.in/docs/Pilot_Projects/Ghana%20Maala%20Sanskrit.pdf,V0.2,"Jul 31, 2022",,Active,
